2026-06-15 15:41:17,935 DEBUG ScenarioPanel displayed — all panels now live
2026-06-15 15:41:19,185 DEBUG precreate: start ios=12 arpdau=12 ua=24
2026-06-15 15:41:29,860 DEBUG precreate: done ios=100 ios_boost=100 arpdau=100 ua=100
2026-06-15 15:45:29,185 DEBUG ScenarioPanel displayed — all panels now live
2026-06-15 15:45:30,242 DEBUG precreate: start ios=12 arpdau=12 ua=24
2026-06-15 15:45:40,892 DEBUG precreate: done ios=100 ios_boost=100 arpdau=100 ua=100
2026-06-15 16:26:15,062 DEBUG ScenarioPanel displayed — all panels now live
2026-06-15 16:26:16,124 DEBUG precreate: start ios=12 arpdau=12 ua=24
2026-06-15 16:26:26,997 DEBUG precreate: done ios=100 ios_boost=100 arpdau=100 ua=100
2026-06-15 16:26:54,049 DEBUG load_saved_scenario START name=plan a - no ua, no uplifts
2026-06-15 16:26:54,054 DEBUG CPI(ios) immediate n=12 (rows pre-existed)
2026-06-15 16:26:54,055 DEBUG CPI(android) immediate n=12 (rows pre-existed)
2026-06-15 16:26:54,062 DEBUG CPI(ios) immediate n=44 (rows pre-existed)
2026-06-15 16:26:54,064 DEBUG CPI(android) immediate n=44 (rows pre-existed)
2026-06-15 16:26:54,124 DEBUG CPI(ios) immediate n=44 (rows pre-existed)
2026-06-15 16:26:54,125 DEBUG CPI(android) immediate n=44 (rows pre-existed)
2026-06-15 16:26:54,334 DEBUG load_saved_scenario COMPLETE name=plan a - no ua, no uplifts
2026-06-15 16:27:03,483 DEBUG load_saved_scenario START name=plan a - no ua, no uplifts
2026-06-15 16:27:03,493 DEBUG load_saved_scenario COMPLETE name=plan a - no ua, no uplifts
2026-06-15 16:27:10,726 DEBUG load_saved_scenario START name=plan a - no ua, no uplifts
2026-06-15 16:27:10,732 DEBUG load_saved_scenario COMPLETE name=plan a - no ua, no uplifts
2026-06-15 16:27:26,927 DEBUG load_saved_scenario START name=plan a - no ua, no uplifts
2026-06-15 16:27:26,943 DEBUG load_saved_scenario COMPLETE name=plan a - no ua, no uplifts
2026-06-15 16:27:31,228 DEBUG ScenarioPanel displayed — all panels now live
2026-06-15 16:27:32,281 DEBUG precreate: start ios=12 arpdau=12 ua=24
2026-06-15 16:27:42,841 DEBUG precreate: done ios=100 ios_boost=100 arpdau=100 ua=100
2026-06-15 16:28:59,496 DEBUG load_saved_scenario START name=plan a - no ua, no uplifts
2026-06-15 16:28:59,504 DEBUG CPI(ios) immediate n=12 (rows pre-existed)
2026-06-15 16:28:59,506 DEBUG CPI(android) immediate n=12 (rows pre-existed)
2026-06-15 16:28:59,520 DEBUG CPI(ios) immediate n=44 (rows pre-existed)
2026-06-15 16:28:59,523 DEBUG CPI(android) immediate n=44 (rows pre-existed)
2026-06-15 16:28:59,754 DEBUG CPI(ios) immediate n=44 (rows pre-existed)
2026-06-15 16:28:59,754 DEBUG CPI(android) immediate n=44 (rows pre-existed)
2026-06-15 16:28:59,891 DEBUG load_saved_scenario COMPLETE name=plan a - no ua, no uplifts
2026-06-15 16:29:11,203 DEBUG CPI(ios) immediate n=44 (rows pre-existed)
2026-06-15 16:29:11,207 DEBUG CPI(android) immediate n=44 (rows pre-existed)
2026-06-15 16:30:26,439 DEBUG CPI(ios) immediate n=43 (rows pre-existed)
2026-06-15 16:30:26,442 DEBUG CPI(android) immediate n=43 (rows pre-existed)
2026-06-15 16:37:53,789 DEBUG ScenarioPanel displayed — all panels now live
2026-06-15 16:37:54,843 DEBUG precreate: start ios=12 arpdau=12 ua=24
2026-06-15 16:38:05,689 DEBUG precreate: done ios=100 ios_boost=100 arpdau=100 ua=100
2026-06-15 16:38:17,807 DEBUG load_saved_scenario START name=plan a - no ua, no uplifts
2026-06-15 16:38:17,813 DEBUG CPI(ios) immediate n=12 (rows pre-existed)
2026-06-15 16:38:17,815 DEBUG CPI(android) immediate n=12 (rows pre-existed)
2026-06-15 16:38:17,824 DEBUG CPI(ios) immediate n=44 (rows pre-existed)
2026-06-15 16:38:17,826 DEBUG CPI(android) immediate n=44 (rows pre-existed)
2026-06-15 16:38:17,973 DEBUG CPI(ios) immediate n=44 (rows pre-existed)
2026-06-15 16:38:17,973 DEBUG CPI(android) immediate n=44 (rows pre-existed)
2026-06-15 16:38:18,117 DEBUG load_saved_scenario COMPLETE name=plan a - no ua, no uplifts
2026-06-15 16:38:23,185 DEBUG load_saved_scenario START name=plan a - no ua, no uplifts
2026-06-15 16:38:23,190 DEBUG load_saved_scenario COMPLETE name=plan a - no ua, no uplifts
2026-06-15 16:38:23,715 DEBUG load_saved_scenario START name=plan a - no ua, no uplifts
2026-06-15 16:38:23,726 DEBUG load_saved_scenario COMPLETE name=plan a - no ua, no uplifts
2026-06-15 16:38:23,916 DEBUG load_saved_scenario START name=plan a - no ua, no uplifts
2026-06-15 16:38:23,928 DEBUG load_saved_scenario COMPLETE name=plan a - no ua, no uplifts
2026-06-15 16:38:26,388 DEBUG ScenarioPanel displayed — all panels now live
2026-06-15 16:38:27,446 DEBUG precreate: start ios=12 arpdau=12 ua=24
2026-06-15 16:38:37,988 DEBUG precreate: done ios=100 ios_boost=100 arpdau=100 ua=100
2026-06-15 16:40:28,110 DEBUG load_saved_scenario START name=plan a - no ua, no uplifts
2026-06-15 16:40:28,117 DEBUG CPI(ios) immediate n=12 (rows pre-existed)
2026-06-15 16:40:28,118 DEBUG CPI(android) immediate n=12 (rows pre-existed)
2026-06-15 16:40:28,129 DEBUG CPI(ios) immediate n=44 (rows pre-existed)
2026-06-15 16:40:28,132 DEBUG CPI(android) immediate n=44 (rows pre-existed)
2026-06-15 16:40:28,271 DEBUG CPI(ios) immediate n=44 (rows pre-existed)
2026-06-15 16:40:28,271 DEBUG CPI(android) immediate n=44 (rows pre-existed)
2026-06-15 16:40:28,421 DEBUG load_saved_scenario COMPLETE name=plan a - no ua, no uplifts
2026-06-15 16:40:41,615 DEBUG load_saved_scenario START name=plan a - no ua, no uplifts
2026-06-15 16:40:41,627 DEBUG load_saved_scenario COMPLETE name=plan a - no ua, no uplifts
2026-06-15 16:40:43,039 DEBUG load_saved_scenario START name=plan a - no ua, no uplifts
2026-06-15 16:40:43,051 DEBUG load_saved_scenario COMPLETE name=plan a - no ua, no uplifts
2026-06-15 16:40:43,261 DEBUG load_saved_scenario START name=plan a - no ua, no uplifts
2026-06-15 16:40:43,268 DEBUG load_saved_scenario COMPLETE name=plan a - no ua, no uplifts
2026-06-15 16:40:43,484 DEBUG load_saved_scenario START name=plan a - no ua, no uplifts
2026-06-15 16:40:43,496 DEBUG load_saved_scenario COMPLETE name=plan a - no ua, no uplifts
2026-06-15 16:40:49,248 DEBUG load_saved_scenario START name=plan a - no ua, no uplifts
2026-06-15 16:40:49,260 DEBUG load_saved_scenario COMPLETE name=plan a - no ua, no uplifts
2026-06-15 16:41:02,221 DEBUG load_saved_scenario START name=plan a - no ua, no uplifts (updated)
2026-06-15 16:41:02,233 DEBUG CPI(ios) immediate n=44 (rows pre-existed)
2026-06-15 16:41:02,237 DEBUG CPI(android) immediate n=44 (rows pre-existed)
2026-06-15 16:41:02,256 DEBUG CPI(ios) immediate n=43 (rows pre-existed)
2026-06-15 16:41:02,256 DEBUG CPI(android) immediate n=43 (rows pre-existed)
2026-06-15 16:41:02,271 DEBUG load_saved_scenario COMPLETE name=plan a - no ua, no uplifts (updated)
2026-06-15 16:41:19,888 DEBUG load_saved_scenario START name=plan a - no ua, no uplifts
2026-06-15 16:41:19,900 DEBUG CPI(ios) immediate n=43 (rows pre-existed)
2026-06-15 16:41:19,904 DEBUG CPI(android) immediate n=43 (rows pre-existed)
2026-06-15 16:41:19,922 DEBUG CPI(ios) immediate n=44 (rows pre-existed)
2026-06-15 16:41:19,922 DEBUG CPI(android) immediate n=44 (rows pre-existed)
2026-06-15 16:41:19,938 DEBUG load_saved_scenario COMPLETE name=plan a - no ua, no uplifts
2026-06-15 16:41:24,245 DEBUG load_saved_scenario START name=plan a - no ua, no uplifts (updated)
2026-06-15 16:41:24,256 DEBUG CPI(ios) immediate n=44 (rows pre-existed)
2026-06-15 16:41:24,260 DEBUG CPI(android) immediate n=44 (rows pre-existed)
2026-06-15 16:41:24,279 DEBUG CPI(ios) immediate n=43 (rows pre-existed)
2026-06-15 16:41:24,279 DEBUG CPI(android) immediate n=43 (rows pre-existed)
2026-06-15 16:41:24,294 DEBUG load_saved_scenario COMPLETE name=plan a - no ua, no uplifts (updated)
2026-06-15 16:41:29,147 DEBUG CPI(ios) immediate n=43 (rows pre-existed)
2026-06-15 16:41:29,148 DEBUG CPI(android) immediate n=43 (rows pre-existed)
2026-06-15 16:41:34,846 DEBUG CPI(ios) immediate n=43 (rows pre-existed)
2026-06-15 16:41:34,847 DEBUG CPI(android) immediate n=43 (rows pre-existed)
2026-06-15 16:41:40,548 DEBUG CPI(ios) immediate n=43 (rows pre-existed)
2026-06-15 16:41:40,549 DEBUG CPI(android) immediate n=43 (rows pre-existed)
2026-06-15 16:41:52,917 DEBUG CPI(ios) immediate n=43 (rows pre-existed)
2026-06-15 16:41:52,918 DEBUG CPI(android) immediate n=43 (rows pre-existed)
2026-06-15 16:42:20,479 DEBUG ScenarioPanel displayed — all panels now live
2026-06-15 16:42:21,680 DEBUG precreate: start ios=12 arpdau=12 ua=24
2026-06-15 16:42:32,412 DEBUG precreate: done ios=100 ios_boost=100 arpdau=100 ua=100
2026-06-15 16:44:41,206 DEBUG load_saved_scenario START name=plan a - no ua, no uplifts (updated)
2026-06-15 16:44:41,212 DEBUG CPI(ios) immediate n=12 (rows pre-existed)
2026-06-15 16:44:41,212 DEBUG CPI(android) immediate n=12 (rows pre-existed)
2026-06-15 16:44:41,225 ERROR derive_age_dist failed (ios)
Traceback (most recent call last):
  File "/Users/ivanaguilar/Desktop/DataStuff/gitrepos/testrepo/simulator/common_lib/app.py", line 373, in _derive_age_dist
    retention  = build_curve(anchors[platform]['retention'])
  File "/Users/ivanaguilar/Desktop/DataStuff/gitrepos/testrepo/simulator/common_lib/curves.py", line 26, in build_curve
    interp = PchipInterpolator(days, values, extrapolate=True)
  File "/Users/ivanaguilar/Desktop/DataStuff/gitrepos/testrepo/.trailmix_basic_venv/lib/python3.14/site-packages/scipy/interpolate/_cubic.py", line 263, in __init__
    x, _, y, axis, _ = prepare_input(x, y, axis, xp=xp)
                       ~~~~~~~~~~~~~^^^^^^^^^^^^^^^^^^^
  File "/Users/ivanaguilar/Desktop/DataStuff/gitrepos/testrepo/.trailmix_basic_venv/lib/python3.14/site-packages/scipy/interpolate/_cubic.py", line 50, in prepare_input
    raise ValueError("`x` must contain at least 2 elements.")
ValueError: `x` must contain at least 2 elements.
2026-06-15 16:44:41,231 ERROR derive_age_dist failed (android)
Traceback (most recent call last):
  File "/Users/ivanaguilar/Desktop/DataStuff/gitrepos/testrepo/simulator/common_lib/app.py", line 373, in _derive_age_dist
    retention  = build_curve(anchors[platform]['retention'])
  File "/Users/ivanaguilar/Desktop/DataStuff/gitrepos/testrepo/simulator/common_lib/curves.py", line 26, in build_curve
    interp = PchipInterpolator(days, values, extrapolate=True)
  File "/Users/ivanaguilar/Desktop/DataStuff/gitrepos/testrepo/.trailmix_basic_venv/lib/python3.14/site-packages/scipy/interpolate/_cubic.py", line 263, in __init__
    x, _, y, axis, _ = prepare_input(x, y, axis, xp=xp)
                       ~~~~~~~~~~~~~^^^^^^^^^^^^^^^^^^^
  File "/Users/ivanaguilar/Desktop/DataStuff/gitrepos/testrepo/.trailmix_basic_venv/lib/python3.14/site-packages/scipy/interpolate/_cubic.py", line 50, in prepare_input
    raise ValueError("`x` must contain at least 2 elements.")
ValueError: `x` must contain at least 2 elements.
2026-06-15 16:44:41,234 DEBUG CPI(ios) immediate n=43 (rows pre-existed)
2026-06-15 16:44:41,236 DEBUG CPI(android) immediate n=43 (rows pre-existed)
2026-06-15 16:44:41,307 DEBUG CPI(ios) immediate n=43 (rows pre-existed)
2026-06-15 16:44:41,307 DEBUG CPI(android) immediate n=43 (rows pre-existed)
2026-06-15 16:44:41,454 DEBUG load_saved_scenario COMPLETE name=plan a - no ua, no uplifts (updated)
2026-06-15 16:45:04,180 DEBUG CPI(ios) immediate n=43 (rows pre-existed)
2026-06-15 16:45:04,181 DEBUG CPI(android) immediate n=43 (rows pre-existed)
2026-06-15 16:45:11,094 DEBUG CPI(ios) immediate n=43 (rows pre-existed)
2026-06-15 16:45:11,095 DEBUG CPI(android) immediate n=43 (rows pre-existed)
2026-06-15 16:45:15,448 DEBUG CPI(ios) immediate n=43 (rows pre-existed)
2026-06-15 16:45:15,449 DEBUG CPI(android) immediate n=43 (rows pre-existed)
2026-06-15 16:45:31,866 DEBUG CPI(ios) immediate n=43 (rows pre-existed)
2026-06-15 16:45:31,868 DEBUG CPI(android) immediate n=43 (rows pre-existed)
2026-06-15 16:45:38,324 DEBUG CPI(ios) immediate n=43 (rows pre-existed)
2026-06-15 16:45:38,329 DEBUG CPI(android) immediate n=43 (rows pre-existed)
2026-06-15 16:45:43,532 DEBUG CPI(ios) immediate n=43 (rows pre-existed)
2026-06-15 16:45:43,533 DEBUG CPI(android) immediate n=43 (rows pre-existed)
2026-06-15 16:45:56,198 DEBUG CPI(ios) immediate n=43 (rows pre-existed)
2026-06-15 16:45:56,202 DEBUG CPI(android) immediate n=43 (rows pre-existed)
2026-06-15 16:46:00,696 DEBUG CPI(ios) immediate n=43 (rows pre-existed)
2026-06-15 16:46:00,702 DEBUG CPI(android) immediate n=43 (rows pre-existed)
2026-06-15 16:46:10,281 DEBUG CPI(ios) immediate n=43 (rows pre-existed)
2026-06-15 16:46:10,286 DEBUG CPI(android) immediate n=43 (rows pre-existed)
2026-06-15 16:47:19,664 DEBUG CPI(ios) immediate n=43 (rows pre-existed)
2026-06-15 16:47:19,665 DEBUG CPI(android) immediate n=43 (rows pre-existed)
2026-06-15 16:49:12,372 DEBUG load_saved_scenario START name=plan a - no ua, no uplifts
2026-06-15 16:49:12,382 DEBUG CPI(ios) immediate n=43 (rows pre-existed)
2026-06-15 16:49:12,386 DEBUG CPI(android) immediate n=43 (rows pre-existed)
2026-06-15 16:49:12,452 DEBUG CPI(ios) immediate n=44 (rows pre-existed)
2026-06-15 16:49:12,452 DEBUG CPI(android) immediate n=44 (rows pre-existed)
2026-06-15 16:49:12,468 DEBUG CPI(ios) immediate n=44 (rows pre-existed)
2026-06-15 16:49:12,469 DEBUG CPI(android) immediate n=44 (rows pre-existed)
2026-06-15 16:49:12,478 DEBUG load_saved_scenario COMPLETE name=plan a - no ua, no uplifts
2026-06-15 16:49:27,801 DEBUG load_saved_scenario START name=plan a - no ua, no uplifts (updated)
2026-06-15 16:49:27,816 DEBUG CPI(ios) immediate n=44 (rows pre-existed)
2026-06-15 16:49:27,821 DEBUG CPI(android) immediate n=44 (rows pre-existed)
2026-06-15 16:49:27,878 DEBUG CPI(ios) immediate n=43 (rows pre-existed)
2026-06-15 16:49:27,879 DEBUG CPI(android) immediate n=43 (rows pre-existed)
2026-06-15 16:49:27,892 DEBUG CPI(ios) immediate n=43 (rows pre-existed)
2026-06-15 16:49:27,892 DEBUG CPI(android) immediate n=43 (rows pre-existed)
2026-06-15 16:49:27,900 DEBUG load_saved_scenario COMPLETE name=plan a - no ua, no uplifts (updated)
2026-06-15 16:53:53,490 DEBUG load_saved_scenario START name=plan a.1 - 2026 ua250K
2026-06-15 16:53:53,500 DEBUG CPI(ios) immediate n=43 (rows pre-existed)
2026-06-15 16:53:53,505 DEBUG CPI(android) immediate n=43 (rows pre-existed)
2026-06-15 16:53:53,574 DEBUG CPI(ios) immediate n=44 (rows pre-existed)
2026-06-15 16:53:53,574 DEBUG CPI(android) immediate n=44 (rows pre-existed)
2026-06-15 16:53:53,592 DEBUG CPI(ios) immediate n=44 (rows pre-existed)
2026-06-15 16:53:53,592 DEBUG CPI(android) immediate n=44 (rows pre-existed)
2026-06-15 16:53:53,602 DEBUG load_saved_scenario COMPLETE name=plan a.1 - 2026 ua250K
2026-06-15 16:54:37,513 DEBUG CPI(ios) immediate n=44 (rows pre-existed)
2026-06-15 16:54:37,519 DEBUG CPI(android) immediate n=44 (rows pre-existed)
2026-06-15 16:55:04,520 DEBUG load_saved_scenario START name=plan a - no ua, no uplifts
2026-06-15 16:55:04,535 DEBUG CPI(ios) immediate n=44 (rows pre-existed)
2026-06-15 16:55:04,540 DEBUG CPI(android) immediate n=44 (rows pre-existed)
2026-06-15 16:55:04,653 DEBUG load_saved_scenario COMPLETE name=plan a - no ua, no uplifts
2026-06-15 16:55:36,481 DEBUG load_saved_scenario START name=plan a - no ua, no uplifts (updated)
2026-06-15 16:55:36,495 DEBUG load_saved_scenario COMPLETE name=plan a - no ua, no uplifts (updated)
2026-06-15 16:56:11,870 DEBUG CPI(ios) immediate n=44 (rows pre-existed)
2026-06-15 16:56:11,875 DEBUG CPI(android) immediate n=44 (rows pre-existed)
2026-06-15 16:57:36,322 DEBUG CPI(ios) immediate n=43 (rows pre-existed)
2026-06-15 16:57:36,326 DEBUG CPI(android) immediate n=43 (rows pre-existed)
2026-06-16 10:20:00,650 DEBUG ScenarioPanel displayed — all panels now live
2026-06-16 10:20:01,964 DEBUG precreate: start ios=12 arpdau=12 ua=24
2026-06-16 10:20:12,699 DEBUG precreate: done ios=100 ios_boost=100 arpdau=100 ua=100
2026-06-16 10:20:28,883 DEBUG load_saved_scenario START name=plan a - no ua, no uplifts
2026-06-16 10:20:28,891 DEBUG CPI(ios) immediate n=12 (rows pre-existed)
2026-06-16 10:20:28,892 DEBUG CPI(android) immediate n=12 (rows pre-existed)
2026-06-16 10:20:28,911 ERROR derive_age_dist failed (ios)
Traceback (most recent call last):
  File "/Users/ivanaguilar/Desktop/DataStuff/gitrepos/testrepo/simulator/common_lib/app.py", line 373, in _derive_age_dist
    retention  = build_curve(anchors[platform]['retention'])
  File "/Users/ivanaguilar/Desktop/DataStuff/gitrepos/testrepo/simulator/common_lib/curves.py", line 26, in build_curve
    interp = PchipInterpolator(days, values, extrapolate=True)
  File "/Users/ivanaguilar/Desktop/DataStuff/gitrepos/testrepo/.trailmix_basic_venv/lib/python3.14/site-packages/scipy/interpolate/_cubic.py", line 263, in __init__
    x, _, y, axis, _ = prepare_input(x, y, axis, xp=xp)
                       ~~~~~~~~~~~~~^^^^^^^^^^^^^^^^^^^
  File "/Users/ivanaguilar/Desktop/DataStuff/gitrepos/testrepo/.trailmix_basic_venv/lib/python3.14/site-packages/scipy/interpolate/_cubic.py", line 50, in prepare_input
    raise ValueError("`x` must contain at least 2 elements.")
ValueError: `x` must contain at least 2 elements.
2026-06-16 10:20:28,918 ERROR derive_age_dist failed (android)
Traceback (most recent call last):
  File "/Users/ivanaguilar/Desktop/DataStuff/gitrepos/testrepo/simulator/common_lib/app.py", line 373, in _derive_age_dist
    retention  = build_curve(anchors[platform]['retention'])
  File "/Users/ivanaguilar/Desktop/DataStuff/gitrepos/testrepo/simulator/common_lib/curves.py", line 26, in build_curve
    interp = PchipInterpolator(days, values, extrapolate=True)
  File "/Users/ivanaguilar/Desktop/DataStuff/gitrepos/testrepo/.trailmix_basic_venv/lib/python3.14/site-packages/scipy/interpolate/_cubic.py", line 263, in __init__
    x, _, y, axis, _ = prepare_input(x, y, axis, xp=xp)
                       ~~~~~~~~~~~~~^^^^^^^^^^^^^^^^^^^
  File "/Users/ivanaguilar/Desktop/DataStuff/gitrepos/testrepo/.trailmix_basic_venv/lib/python3.14/site-packages/scipy/interpolate/_cubic.py", line 50, in prepare_input
    raise ValueError("`x` must contain at least 2 elements.")
ValueError: `x` must contain at least 2 elements.
2026-06-16 10:20:28,920 DEBUG CPI(ios) immediate n=44 (rows pre-existed)
2026-06-16 10:20:28,923 DEBUG CPI(android) immediate n=44 (rows pre-existed)
2026-06-16 10:20:29,083 DEBUG CPI(ios) immediate n=44 (rows pre-existed)
2026-06-16 10:20:29,084 DEBUG CPI(android) immediate n=44 (rows pre-existed)
2026-06-16 10:20:29,135 DEBUG load_saved_scenario COMPLETE name=plan a - no ua, no uplifts
2026-06-16 10:24:01,739 DEBUG load_saved_scenario START name=plan a - no ua, no uplifts (updated)
2026-06-16 10:24:01,751 DEBUG CPI(ios) immediate n=44 (rows pre-existed)
2026-06-16 10:24:01,755 DEBUG CPI(android) immediate n=44 (rows pre-existed)
2026-06-16 10:24:01,819 DEBUG CPI(ios) immediate n=43 (rows pre-existed)
2026-06-16 10:24:01,820 DEBUG CPI(android) immediate n=43 (rows pre-existed)
2026-06-16 10:24:01,832 DEBUG load_saved_scenario COMPLETE name=plan a - no ua, no uplifts (updated)
2026-06-16 10:49:17,709 DEBUG ScenarioPanel displayed — all panels now live
2026-06-16 10:49:18,766 DEBUG precreate: start ios=12 arpdau=12 ua=24
2026-06-16 10:49:29,575 DEBUG precreate: done ios=100 ios_boost=100 arpdau=100 ua=100
2026-06-16 10:49:55,706 DEBUG load_saved_scenario START name=plan a - no ua, no uplifts
2026-06-16 10:49:55,713 DEBUG CPI(ios) immediate n=12 (rows pre-existed)
2026-06-16 10:49:55,715 DEBUG CPI(android) immediate n=12 (rows pre-existed)
2026-06-16 10:49:55,733 ERROR derive_age_dist failed (ios)
Traceback (most recent call last):
  File "/Users/ivanaguilar/Desktop/DataStuff/gitrepos/testrepo/simulator/common_lib/app.py", line 373, in _derive_age_dist
    retention  = build_curve(anchors[platform]['retention'])
  File "/Users/ivanaguilar/Desktop/DataStuff/gitrepos/testrepo/simulator/common_lib/curves.py", line 26, in build_curve
    interp = PchipInterpolator(days, values, extrapolate=True)
  File "/Users/ivanaguilar/Desktop/DataStuff/gitrepos/testrepo/.trailmix_basic_venv/lib/python3.14/site-packages/scipy/interpolate/_cubic.py", line 263, in __init__
    x, _, y, axis, _ = prepare_input(x, y, axis, xp=xp)
                       ~~~~~~~~~~~~~^^^^^^^^^^^^^^^^^^^
  File "/Users/ivanaguilar/Desktop/DataStuff/gitrepos/testrepo/.trailmix_basic_venv/lib/python3.14/site-packages/scipy/interpolate/_cubic.py", line 50, in prepare_input
    raise ValueError("`x` must contain at least 2 elements.")
ValueError: `x` must contain at least 2 elements.
2026-06-16 10:49:55,738 ERROR derive_age_dist failed (android)
Traceback (most recent call last):
  File "/Users/ivanaguilar/Desktop/DataStuff/gitrepos/testrepo/simulator/common_lib/app.py", line 373, in _derive_age_dist
    retention  = build_curve(anchors[platform]['retention'])
  File "/Users/ivanaguilar/Desktop/DataStuff/gitrepos/testrepo/simulator/common_lib/curves.py", line 26, in build_curve
    interp = PchipInterpolator(days, values, extrapolate=True)
  File "/Users/ivanaguilar/Desktop/DataStuff/gitrepos/testrepo/.trailmix_basic_venv/lib/python3.14/site-packages/scipy/interpolate/_cubic.py", line 263, in __init__
    x, _, y, axis, _ = prepare_input(x, y, axis, xp=xp)
                       ~~~~~~~~~~~~~^^^^^^^^^^^^^^^^^^^
  File "/Users/ivanaguilar/Desktop/DataStuff/gitrepos/testrepo/.trailmix_basic_venv/lib/python3.14/site-packages/scipy/interpolate/_cubic.py", line 50, in prepare_input
    raise ValueError("`x` must contain at least 2 elements.")
ValueError: `x` must contain at least 2 elements.
2026-06-16 10:49:55,741 DEBUG CPI(ios) immediate n=44 (rows pre-existed)
2026-06-16 10:49:55,744 DEBUG CPI(android) immediate n=44 (rows pre-existed)
2026-06-16 10:49:55,883 DEBUG CPI(ios) immediate n=44 (rows pre-existed)
2026-06-16 10:49:55,884 DEBUG CPI(android) immediate n=44 (rows pre-existed)
2026-06-16 10:49:56,051 DEBUG load_saved_scenario COMPLETE name=plan a - no ua, no uplifts
2026-06-16 10:51:38,294 DEBUG ScenarioPanel displayed — all panels now live
2026-06-16 10:51:39,529 DEBUG precreate: start ios=12 arpdau=12 ua=24
2026-06-16 10:51:50,252 DEBUG precreate: done ios=100 ios_boost=100 arpdau=100 ua=100
2026-06-16 10:52:23,148 DEBUG load_saved_scenario START name=plan a - no ua, no uplifts
2026-06-16 10:52:23,154 DEBUG CPI(ios) immediate n=12 (rows pre-existed)
2026-06-16 10:52:23,155 DEBUG CPI(android) immediate n=12 (rows pre-existed)
2026-06-16 10:52:23,172 ERROR derive_age_dist failed (ios)
Traceback (most recent call last):
  File "/Users/ivanaguilar/Desktop/DataStuff/gitrepos/testrepo/simulator/common_lib/app.py", line 373, in _derive_age_dist
    retention  = build_curve(anchors[platform]['retention'])
  File "/Users/ivanaguilar/Desktop/DataStuff/gitrepos/testrepo/simulator/common_lib/curves.py", line 26, in build_curve
    interp = PchipInterpolator(days, values, extrapolate=True)
  File "/Users/ivanaguilar/Desktop/DataStuff/gitrepos/testrepo/.trailmix_basic_venv/lib/python3.14/site-packages/scipy/interpolate/_cubic.py", line 263, in __init__
    x, _, y, axis, _ = prepare_input(x, y, axis, xp=xp)
                       ~~~~~~~~~~~~~^^^^^^^^^^^^^^^^^^^
  File "/Users/ivanaguilar/Desktop/DataStuff/gitrepos/testrepo/.trailmix_basic_venv/lib/python3.14/site-packages/scipy/interpolate/_cubic.py", line 50, in prepare_input
    raise ValueError("`x` must contain at least 2 elements.")
ValueError: `x` must contain at least 2 elements.
2026-06-16 10:52:23,181 ERROR derive_age_dist failed (android)
Traceback (most recent call last):
  File "/Users/ivanaguilar/Desktop/DataStuff/gitrepos/testrepo/simulator/common_lib/app.py", line 373, in _derive_age_dist
    retention  = build_curve(anchors[platform]['retention'])
  File "/Users/ivanaguilar/Desktop/DataStuff/gitrepos/testrepo/simulator/common_lib/curves.py", line 26, in build_curve
    interp = PchipInterpolator(days, values, extrapolate=True)
  File "/Users/ivanaguilar/Desktop/DataStuff/gitrepos/testrepo/.trailmix_basic_venv/lib/python3.14/site-packages/scipy/interpolate/_cubic.py", line 263, in __init__
    x, _, y, axis, _ = prepare_input(x, y, axis, xp=xp)
                       ~~~~~~~~~~~~~^^^^^^^^^^^^^^^^^^^
  File "/Users/ivanaguilar/Desktop/DataStuff/gitrepos/testrepo/.trailmix_basic_venv/lib/python3.14/site-packages/scipy/interpolate/_cubic.py", line 50, in prepare_input
    raise ValueError("`x` must contain at least 2 elements.")
ValueError: `x` must contain at least 2 elements.
2026-06-16 10:52:23,184 DEBUG CPI(ios) immediate n=44 (rows pre-existed)
2026-06-16 10:52:23,186 DEBUG CPI(android) immediate n=44 (rows pre-existed)
2026-06-16 10:52:23,328 DEBUG CPI(ios) immediate n=44 (rows pre-existed)
2026-06-16 10:52:23,328 DEBUG CPI(android) immediate n=44 (rows pre-existed)
2026-06-16 10:52:23,380 DEBUG load_saved_scenario COMPLETE name=plan a - no ua, no uplifts
2026-06-16 11:05:34,380 DEBUG ScenarioPanel displayed — all panels now live
2026-06-16 11:05:35,589 DEBUG precreate: start ios=12 arpdau=12 ua=24
2026-06-16 11:05:46,367 DEBUG precreate: done ios=100 ios_boost=100 arpdau=100 ua=100
2026-06-16 11:08:01,109 DEBUG load_saved_scenario START name=plan a - no ua, no uplifts
2026-06-16 11:08:01,118 DEBUG CPI(ios) immediate n=12 (rows pre-existed)
2026-06-16 11:08:01,120 DEBUG CPI(android) immediate n=12 (rows pre-existed)
2026-06-16 11:08:01,140 ERROR derive_age_dist failed (ios)
Traceback (most recent call last):
  File "/Users/ivanaguilar/Desktop/DataStuff/gitrepos/testrepo/simulator/common_lib/app.py", line 370, in _derive_age_dist
    retention  = build_curve(anchors[platform]['retention'])
  File "/Users/ivanaguilar/Desktop/DataStuff/gitrepos/testrepo/simulator/common_lib/curves.py", line 26, in build_curve
    interp = PchipInterpolator(days, values, extrapolate=True)
  File "/Users/ivanaguilar/Desktop/DataStuff/gitrepos/testrepo/.trailmix_basic_venv/lib/python3.14/site-packages/scipy/interpolate/_cubic.py", line 263, in __init__
    x, _, y, axis, _ = prepare_input(x, y, axis, xp=xp)
                       ~~~~~~~~~~~~~^^^^^^^^^^^^^^^^^^^
  File "/Users/ivanaguilar/Desktop/DataStuff/gitrepos/testrepo/.trailmix_basic_venv/lib/python3.14/site-packages/scipy/interpolate/_cubic.py", line 50, in prepare_input
    raise ValueError("`x` must contain at least 2 elements.")
ValueError: `x` must contain at least 2 elements.
2026-06-16 11:08:01,148 ERROR derive_age_dist failed (android)
Traceback (most recent call last):
  File "/Users/ivanaguilar/Desktop/DataStuff/gitrepos/testrepo/simulator/common_lib/app.py", line 370, in _derive_age_dist
    retention  = build_curve(anchors[platform]['retention'])
  File "/Users/ivanaguilar/Desktop/DataStuff/gitrepos/testrepo/simulator/common_lib/curves.py", line 26, in build_curve
    interp = PchipInterpolator(days, values, extrapolate=True)
  File "/Users/ivanaguilar/Desktop/DataStuff/gitrepos/testrepo/.trailmix_basic_venv/lib/python3.14/site-packages/scipy/interpolate/_cubic.py", line 263, in __init__
    x, _, y, axis, _ = prepare_input(x, y, axis, xp=xp)
                       ~~~~~~~~~~~~~^^^^^^^^^^^^^^^^^^^
  File "/Users/ivanaguilar/Desktop/DataStuff/gitrepos/testrepo/.trailmix_basic_venv/lib/python3.14/site-packages/scipy/interpolate/_cubic.py", line 50, in prepare_input
    raise ValueError("`x` must contain at least 2 elements.")
ValueError: `x` must contain at least 2 elements.
2026-06-16 11:08:01,150 DEBUG CPI(ios) immediate n=44 (rows pre-existed)
2026-06-16 11:08:01,153 DEBUG CPI(android) immediate n=44 (rows pre-existed)
2026-06-16 11:08:01,314 DEBUG CPI(ios) immediate n=44 (rows pre-existed)
2026-06-16 11:08:01,314 DEBUG CPI(android) immediate n=44 (rows pre-existed)
2026-06-16 11:08:01,349 DEBUG load_saved_scenario COMPLETE name=plan a - no ua, no uplifts
2026-06-16 11:09:15,073 DEBUG load_saved_scenario START name=plan a - no ua, no uplifts
2026-06-16 11:09:15,092 DEBUG load_saved_scenario COMPLETE name=plan a - no ua, no uplifts
2026-06-16 11:13:08,355 DEBUG ScenarioPanel displayed — all panels now live
2026-06-16 11:13:09,554 DEBUG precreate: start ios=12 arpdau=12 ua=24
2026-06-16 11:13:20,292 DEBUG precreate: done ios=100 ios_boost=100 arpdau=100 ua=100
2026-06-16 14:46:34,670 DEBUG load_saved_scenario START name=plan a - no ua, no uplifts
2026-06-16 14:46:34,683 DEBUG CPI(ios) immediate n=12 (rows pre-existed)
2026-06-16 14:46:34,685 DEBUG CPI(android) immediate n=12 (rows pre-existed)
2026-06-16 14:46:34,710 ERROR derive_age_dist failed (ios)
Traceback (most recent call last):
  File "/Users/ivanaguilar/Desktop/DataStuff/gitrepos/testrepo/simulator/common_lib/app.py", line 370, in _derive_age_dist
    retention  = build_curve(anchors[platform]['retention'])
  File "/Users/ivanaguilar/Desktop/DataStuff/gitrepos/testrepo/simulator/common_lib/curves.py", line 26, in build_curve
    interp = PchipInterpolator(days, values, extrapolate=True)
  File "/Users/ivanaguilar/Desktop/DataStuff/gitrepos/testrepo/.trailmix_basic_venv/lib/python3.14/site-packages/scipy/interpolate/_cubic.py", line 263, in __init__
    x, _, y, axis, _ = prepare_input(x, y, axis, xp=xp)
                       ~~~~~~~~~~~~~^^^^^^^^^^^^^^^^^^^
  File "/Users/ivanaguilar/Desktop/DataStuff/gitrepos/testrepo/.trailmix_basic_venv/lib/python3.14/site-packages/scipy/interpolate/_cubic.py", line 50, in prepare_input
    raise ValueError("`x` must contain at least 2 elements.")
ValueError: `x` must contain at least 2 elements.
2026-06-16 14:46:34,720 ERROR derive_age_dist failed (android)
Traceback (most recent call last):
  File "/Users/ivanaguilar/Desktop/DataStuff/gitrepos/testrepo/simulator/common_lib/app.py", line 370, in _derive_age_dist
    retention  = build_curve(anchors[platform]['retention'])
  File "/Users/ivanaguilar/Desktop/DataStuff/gitrepos/testrepo/simulator/common_lib/curves.py", line 26, in build_curve
    interp = PchipInterpolator(days, values, extrapolate=True)
  File "/Users/ivanaguilar/Desktop/DataStuff/gitrepos/testrepo/.trailmix_basic_venv/lib/python3.14/site-packages/scipy/interpolate/_cubic.py", line 263, in __init__
    x, _, y, axis, _ = prepare_input(x, y, axis, xp=xp)
                       ~~~~~~~~~~~~~^^^^^^^^^^^^^^^^^^^
  File "/Users/ivanaguilar/Desktop/DataStuff/gitrepos/testrepo/.trailmix_basic_venv/lib/python3.14/site-packages/scipy/interpolate/_cubic.py", line 50, in prepare_input
    raise ValueError("`x` must contain at least 2 elements.")
ValueError: `x` must contain at least 2 elements.
2026-06-16 14:46:34,723 DEBUG CPI(ios) immediate n=44 (rows pre-existed)
2026-06-16 14:46:34,726 DEBUG CPI(android) immediate n=44 (rows pre-existed)
2026-06-16 14:46:34,891 DEBUG CPI(ios) immediate n=44 (rows pre-existed)
2026-06-16 14:46:34,891 DEBUG CPI(android) immediate n=44 (rows pre-existed)
2026-06-16 14:46:34,934 DEBUG load_saved_scenario COMPLETE name=plan a - no ua, no uplifts
2026-06-16 14:48:47,230 DEBUG load_saved_scenario START name=plan a - no ua, no uplifts
2026-06-16 14:48:47,251 DEBUG load_saved_scenario COMPLETE name=plan a - no ua, no uplifts
2026-06-16 15:13:10,245 DEBUG ScenarioPanel displayed — all panels now live
2026-06-16 15:13:11,497 DEBUG precreate: start ios=12 arpdau=12 ua=24
2026-06-16 15:13:22,192 DEBUG precreate: done ios=100 ios_boost=100 arpdau=100 ua=100
2026-06-16 15:14:21,950 DEBUG load_saved_scenario START name=plan a - no ua, no uplifts
2026-06-16 15:14:21,956 DEBUG CPI(ios) immediate n=12 (rows pre-existed)
2026-06-16 15:14:21,957 DEBUG CPI(android) immediate n=12 (rows pre-existed)
2026-06-16 15:14:21,973 ERROR derive_age_dist failed (ios)
Traceback (most recent call last):
  File "/Users/ivanaguilar/Desktop/DataStuff/gitrepos/testrepo/simulator/common_lib/app.py", line 370, in _derive_age_dist
    retention  = build_curve(anchors[platform]['retention'])
  File "/Users/ivanaguilar/Desktop/DataStuff/gitrepos/testrepo/simulator/common_lib/curves.py", line 26, in build_curve
    interp = PchipInterpolator(days, values, extrapolate=True)
  File "/Users/ivanaguilar/Desktop/DataStuff/gitrepos/testrepo/.trailmix_basic_venv/lib/python3.14/site-packages/scipy/interpolate/_cubic.py", line 263, in __init__
    x, _, y, axis, _ = prepare_input(x, y, axis, xp=xp)
                       ~~~~~~~~~~~~~^^^^^^^^^^^^^^^^^^^
  File "/Users/ivanaguilar/Desktop/DataStuff/gitrepos/testrepo/.trailmix_basic_venv/lib/python3.14/site-packages/scipy/interpolate/_cubic.py", line 50, in prepare_input
    raise ValueError("`x` must contain at least 2 elements.")
ValueError: `x` must contain at least 2 elements.
2026-06-16 15:14:21,980 ERROR derive_age_dist failed (android)
Traceback (most recent call last):
  File "/Users/ivanaguilar/Desktop/DataStuff/gitrepos/testrepo/simulator/common_lib/app.py", line 370, in _derive_age_dist
    retention  = build_curve(anchors[platform]['retention'])
  File "/Users/ivanaguilar/Desktop/DataStuff/gitrepos/testrepo/simulator/common_lib/curves.py", line 26, in build_curve
    interp = PchipInterpolator(days, values, extrapolate=True)
  File "/Users/ivanaguilar/Desktop/DataStuff/gitrepos/testrepo/.trailmix_basic_venv/lib/python3.14/site-packages/scipy/interpolate/_cubic.py", line 263, in __init__
    x, _, y, axis, _ = prepare_input(x, y, axis, xp=xp)
                       ~~~~~~~~~~~~~^^^^^^^^^^^^^^^^^^^
  File "/Users/ivanaguilar/Desktop/DataStuff/gitrepos/testrepo/.trailmix_basic_venv/lib/python3.14/site-packages/scipy/interpolate/_cubic.py", line 50, in prepare_input
    raise ValueError("`x` must contain at least 2 elements.")
ValueError: `x` must contain at least 2 elements.
2026-06-16 15:14:21,982 DEBUG CPI(ios) immediate n=44 (rows pre-existed)
2026-06-16 15:14:21,984 DEBUG CPI(android) immediate n=44 (rows pre-existed)
2026-06-16 15:14:22,137 DEBUG CPI(ios) immediate n=44 (rows pre-existed)
2026-06-16 15:14:22,138 DEBUG CPI(android) immediate n=44 (rows pre-existed)
2026-06-16 15:14:22,189 DEBUG load_saved_scenario COMPLETE name=plan a - no ua, no uplifts
2026-06-16 15:21:18,203 DEBUG CPI(ios) immediate n=44 (rows pre-existed)
2026-06-16 15:21:18,205 DEBUG CPI(android) immediate n=44 (rows pre-existed)
2026-06-16 15:21:29,133 DEBUG CPI(ios) immediate n=44 (rows pre-existed)
2026-06-16 15:21:29,138 DEBUG CPI(android) immediate n=44 (rows pre-existed)
2026-06-16 15:22:33,175 DEBUG load_saved_scenario START name=plan a - no ua, no uplifts
2026-06-16 15:22:33,185 DEBUG CPI(ios) immediate n=44 (rows pre-existed)
2026-06-16 15:22:33,189 DEBUG CPI(android) immediate n=44 (rows pre-existed)
2026-06-16 15:22:33,262 DEBUG load_saved_scenario COMPLETE name=plan a - no ua, no uplifts
2026-06-16 15:22:46,177 DEBUG load_saved_scenario START name=plan a - no ua, no uplifts
2026-06-16 15:22:46,188 DEBUG load_saved_scenario COMPLETE name=plan a - no ua, no uplifts
2026-06-16 15:51:37,147 DEBUG ScenarioPanel displayed — all panels now live
2026-06-16 15:51:38,385 DEBUG precreate: start ios=12 arpdau=12 ua=24
2026-06-16 15:51:49,039 DEBUG precreate: done ios=100 ios_boost=100 arpdau=100 ua=100
2026-06-16 15:54:28,664 DEBUG load_saved_scenario START name=plan a - no ua, no uplifts
2026-06-16 15:54:28,672 DEBUG CPI(ios) immediate n=12 (rows pre-existed)
2026-06-16 15:54:28,674 DEBUG CPI(android) immediate n=12 (rows pre-existed)
2026-06-16 15:54:28,693 ERROR derive_age_dist failed (ios)
Traceback (most recent call last):
  File "/Users/ivanaguilar/Desktop/DataStuff/gitrepos/testrepo/simulator/common_lib/app.py", line 375, in _derive_age_dist
    retention  = build_curve(anchors[platform]['retention'])
  File "/Users/ivanaguilar/Desktop/DataStuff/gitrepos/testrepo/simulator/common_lib/curves.py", line 26, in build_curve
    interp = PchipInterpolator(days, values, extrapolate=True)
  File "/Users/ivanaguilar/Desktop/DataStuff/gitrepos/testrepo/.trailmix_basic_venv/lib/python3.14/site-packages/scipy/interpolate/_cubic.py", line 263, in __init__
    x, _, y, axis, _ = prepare_input(x, y, axis, xp=xp)
                       ~~~~~~~~~~~~~^^^^^^^^^^^^^^^^^^^
  File "/Users/ivanaguilar/Desktop/DataStuff/gitrepos/testrepo/.trailmix_basic_venv/lib/python3.14/site-packages/scipy/interpolate/_cubic.py", line 50, in prepare_input
    raise ValueError("`x` must contain at least 2 elements.")
ValueError: `x` must contain at least 2 elements.
2026-06-16 15:54:28,701 ERROR derive_age_dist failed (android)
Traceback (most recent call last):
  File "/Users/ivanaguilar/Desktop/DataStuff/gitrepos/testrepo/simulator/common_lib/app.py", line 375, in _derive_age_dist
    retention  = build_curve(anchors[platform]['retention'])
  File "/Users/ivanaguilar/Desktop/DataStuff/gitrepos/testrepo/simulator/common_lib/curves.py", line 26, in build_curve
    interp = PchipInterpolator(days, values, extrapolate=True)
  File "/Users/ivanaguilar/Desktop/DataStuff/gitrepos/testrepo/.trailmix_basic_venv/lib/python3.14/site-packages/scipy/interpolate/_cubic.py", line 263, in __init__
    x, _, y, axis, _ = prepare_input(x, y, axis, xp=xp)
                       ~~~~~~~~~~~~~^^^^^^^^^^^^^^^^^^^
  File "/Users/ivanaguilar/Desktop/DataStuff/gitrepos/testrepo/.trailmix_basic_venv/lib/python3.14/site-packages/scipy/interpolate/_cubic.py", line 50, in prepare_input
    raise ValueError("`x` must contain at least 2 elements.")
ValueError: `x` must contain at least 2 elements.
2026-06-16 15:54:28,704 DEBUG CPI(ios) immediate n=44 (rows pre-existed)
2026-06-16 15:54:28,707 DEBUG CPI(android) immediate n=44 (rows pre-existed)
2026-06-16 15:54:28,864 DEBUG CPI(ios) immediate n=44 (rows pre-existed)
2026-06-16 15:54:28,865 DEBUG CPI(android) immediate n=44 (rows pre-existed)
2026-06-16 15:54:28,932 DEBUG load_saved_scenario COMPLETE name=plan a - no ua, no uplifts
2026-06-16 15:54:53,204 DEBUG load_saved_scenario START name=plan a - no ua, no uplifts
2026-06-16 15:54:53,224 DEBUG load_saved_scenario COMPLETE name=plan a - no ua, no uplifts
2026-06-16 15:57:11,758 DEBUG load_saved_scenario START name=plan a - no ua, no uplifts
2026-06-16 15:57:11,780 DEBUG load_saved_scenario COMPLETE name=plan a - no ua, no uplifts
2026-06-16 15:57:18,888 DEBUG load_saved_scenario START name=plan a - no ua, no uplifts (updated)
2026-06-16 15:57:18,900 DEBUG CPI(ios) immediate n=44 (rows pre-existed)
2026-06-16 15:57:18,904 DEBUG CPI(android) immediate n=44 (rows pre-existed)
2026-06-16 15:57:18,963 DEBUG CPI(ios) immediate n=43 (rows pre-existed)
2026-06-16 15:57:18,964 DEBUG CPI(android) immediate n=43 (rows pre-existed)
2026-06-16 15:57:18,969 DEBUG load_saved_scenario COMPLETE name=plan a - no ua, no uplifts (updated)
2026-06-17 10:25:56,602 DEBUG load_saved_scenario START name=plan a - no ua, no uplifts
2026-06-17 10:25:56,617 DEBUG CPI(ios) immediate n=43 (rows pre-existed)
2026-06-17 10:25:56,624 DEBUG CPI(android) immediate n=43 (rows pre-existed)
2026-06-17 10:25:56,693 DEBUG CPI(ios) immediate n=44 (rows pre-existed)
2026-06-17 10:25:56,693 DEBUG CPI(android) immediate n=44 (rows pre-existed)
2026-06-17 10:25:56,702 DEBUG load_saved_scenario COMPLETE name=plan a - no ua, no uplifts
2026-06-17 14:25:30,967 DEBUG ScenarioPanel displayed — all panels now live
2026-06-17 14:25:32,041 DEBUG precreate: start ios=12 arpdau=12 ua=24
2026-06-17 14:25:42,658 DEBUG precreate: done ios=100 ios_boost=100 arpdau=100 ua=100
2026-06-17 14:43:27,065 DEBUG ScenarioPanel displayed — all panels now live
2026-06-17 14:43:28,308 DEBUG precreate: start ios=12 arpdau=12 ua=24
2026-06-17 14:43:38,696 DEBUG precreate: done ios=100 ios_boost=100 arpdau=100 ua=100
2026-06-17 14:44:05,428 DEBUG load_saved_scenario START name=plan a - no ua, no uplifts
2026-06-17 14:44:05,436 DEBUG CPI(ios) immediate n=12 (rows pre-existed)
2026-06-17 14:44:05,438 DEBUG CPI(android) immediate n=12 (rows pre-existed)
2026-06-17 14:44:05,455 ERROR derive_age_dist failed (ios)
Traceback (most recent call last):
  File "/Users/ivanaguilar/Desktop/DataStuff/gitrepos/testrepo/simulator/common_lib/app.py", line 359, in _derive_age_dist
    retention  = build_curve(anchors[platform]['retention'])
  File "/Users/ivanaguilar/Desktop/DataStuff/gitrepos/testrepo/simulator/common_lib/curves.py", line 26, in build_curve
    interp = PchipInterpolator(days, values, extrapolate=True)
  File "/Users/ivanaguilar/Desktop/DataStuff/gitrepos/testrepo/.trailmix_basic_venv/lib/python3.14/site-packages/scipy/interpolate/_cubic.py", line 263, in __init__
    x, _, y, axis, _ = prepare_input(x, y, axis, xp=xp)
                       ~~~~~~~~~~~~~^^^^^^^^^^^^^^^^^^^
  File "/Users/ivanaguilar/Desktop/DataStuff/gitrepos/testrepo/.trailmix_basic_venv/lib/python3.14/site-packages/scipy/interpolate/_cubic.py", line 50, in prepare_input
    raise ValueError("`x` must contain at least 2 elements.")
ValueError: `x` must contain at least 2 elements.
2026-06-17 14:44:05,468 ERROR derive_age_dist failed (android)
Traceback (most recent call last):
  File "/Users/ivanaguilar/Desktop/DataStuff/gitrepos/testrepo/simulator/common_lib/app.py", line 359, in _derive_age_dist
    retention  = build_curve(anchors[platform]['retention'])
  File "/Users/ivanaguilar/Desktop/DataStuff/gitrepos/testrepo/simulator/common_lib/curves.py", line 26, in build_curve
    interp = PchipInterpolator(days, values, extrapolate=True)
  File "/Users/ivanaguilar/Desktop/DataStuff/gitrepos/testrepo/.trailmix_basic_venv/lib/python3.14/site-packages/scipy/interpolate/_cubic.py", line 263, in __init__
    x, _, y, axis, _ = prepare_input(x, y, axis, xp=xp)
                       ~~~~~~~~~~~~~^^^^^^^^^^^^^^^^^^^
  File "/Users/ivanaguilar/Desktop/DataStuff/gitrepos/testrepo/.trailmix_basic_venv/lib/python3.14/site-packages/scipy/interpolate/_cubic.py", line 50, in prepare_input
    raise ValueError("`x` must contain at least 2 elements.")
ValueError: `x` must contain at least 2 elements.
2026-06-17 14:44:05,472 DEBUG CPI(ios) immediate n=44 (rows pre-existed)
2026-06-17 14:44:05,476 DEBUG CPI(android) immediate n=44 (rows pre-existed)
2026-06-17 14:44:05,539 DEBUG CPI(ios) immediate n=44 (rows pre-existed)
2026-06-17 14:44:05,539 DEBUG CPI(android) immediate n=44 (rows pre-existed)
2026-06-17 14:44:05,687 DEBUG load_saved_scenario COMPLETE name=plan a - no ua, no uplifts
2026-06-17 14:52:16,889 DEBUG ScenarioPanel displayed — all panels now live
2026-06-17 14:52:18,157 DEBUG precreate: start ios=12 arpdau=12 ua=24
2026-06-17 14:52:28,719 DEBUG precreate: done ios=100 ios_boost=100 arpdau=100 ua=100
2026-06-17 14:53:31,898 DEBUG load_saved_scenario START name=plan a - no ua, no uplifts
2026-06-17 14:53:31,916 DEBUG CPI(ios) immediate n=12 (rows pre-existed)
2026-06-17 14:53:31,917 DEBUG CPI(android) immediate n=12 (rows pre-existed)
2026-06-17 14:53:31,937 ERROR derive_age_dist failed (ios)
Traceback (most recent call last):
  File "/Users/ivanaguilar/Desktop/DataStuff/gitrepos/testrepo/simulator/common_lib/app.py", line 359, in _derive_age_dist
    retention  = build_curve(anchors[platform]['retention'])
  File "/Users/ivanaguilar/Desktop/DataStuff/gitrepos/testrepo/simulator/common_lib/curves.py", line 26, in build_curve
    interp = PchipInterpolator(days, values, extrapolate=True)
  File "/Users/ivanaguilar/Desktop/DataStuff/gitrepos/testrepo/.trailmix_basic_venv/lib/python3.14/site-packages/scipy/interpolate/_cubic.py", line 263, in __init__
    x, _, y, axis, _ = prepare_input(x, y, axis, xp=xp)
                       ~~~~~~~~~~~~~^^^^^^^^^^^^^^^^^^^
  File "/Users/ivanaguilar/Desktop/DataStuff/gitrepos/testrepo/.trailmix_basic_venv/lib/python3.14/site-packages/scipy/interpolate/_cubic.py", line 50, in prepare_input
    raise ValueError("`x` must contain at least 2 elements.")
ValueError: `x` must contain at least 2 elements.
2026-06-17 14:53:31,942 ERROR derive_age_dist failed (android)
Traceback (most recent call last):
  File "/Users/ivanaguilar/Desktop/DataStuff/gitrepos/testrepo/simulator/common_lib/app.py", line 359, in _derive_age_dist
    retention  = build_curve(anchors[platform]['retention'])
  File "/Users/ivanaguilar/Desktop/DataStuff/gitrepos/testrepo/simulator/common_lib/curves.py", line 26, in build_curve
    interp = PchipInterpolator(days, values, extrapolate=True)
  File "/Users/ivanaguilar/Desktop/DataStuff/gitrepos/testrepo/.trailmix_basic_venv/lib/python3.14/site-packages/scipy/interpolate/_cubic.py", line 263, in __init__
    x, _, y, axis, _ = prepare_input(x, y, axis, xp=xp)
                       ~~~~~~~~~~~~~^^^^^^^^^^^^^^^^^^^
  File "/Users/ivanaguilar/Desktop/DataStuff/gitrepos/testrepo/.trailmix_basic_venv/lib/python3.14/site-packages/scipy/interpolate/_cubic.py", line 50, in prepare_input
    raise ValueError("`x` must contain at least 2 elements.")
ValueError: `x` must contain at least 2 elements.
2026-06-17 14:53:31,945 DEBUG CPI(ios) immediate n=44 (rows pre-existed)
2026-06-17 14:53:31,947 DEBUG CPI(android) immediate n=44 (rows pre-existed)
2026-06-17 14:53:32,000 DEBUG CPI(ios) immediate n=44 (rows pre-existed)
2026-06-17 14:53:32,001 DEBUG CPI(android) immediate n=44 (rows pre-existed)
2026-06-17 14:53:32,174 DEBUG load_saved_scenario COMPLETE name=plan a - no ua, no uplifts
2026-06-17 15:03:27,596 DEBUG ScenarioPanel displayed — all panels now live
2026-06-17 15:03:28,853 DEBUG precreate: start ios=12 arpdau=12 ua=24
2026-06-17 15:03:39,505 DEBUG precreate: done ios=100 ios_boost=100 arpdau=100 ua=100
2026-06-17 15:04:41,062 DEBUG load_saved_scenario START name=plan a - no ua, no uplifts
2026-06-17 15:04:41,068 DEBUG CPI(ios) immediate n=12 (rows pre-existed)
2026-06-17 15:04:41,070 DEBUG CPI(android) immediate n=12 (rows pre-existed)
2026-06-17 15:04:41,090 ERROR derive_age_dist failed (ios)
Traceback (most recent call last):
  File "/Users/ivanaguilar/Desktop/DataStuff/gitrepos/testrepo/simulator/common_lib/app.py", line 359, in _derive_age_dist
    retention  = build_curve(anchors[platform]['retention'])
  File "/Users/ivanaguilar/Desktop/DataStuff/gitrepos/testrepo/simulator/common_lib/curves.py", line 26, in build_curve
    interp = PchipInterpolator(days, values, extrapolate=True)
  File "/Users/ivanaguilar/Desktop/DataStuff/gitrepos/testrepo/.trailmix_basic_venv/lib/python3.14/site-packages/scipy/interpolate/_cubic.py", line 263, in __init__
    x, _, y, axis, _ = prepare_input(x, y, axis, xp=xp)
                       ~~~~~~~~~~~~~^^^^^^^^^^^^^^^^^^^
  File "/Users/ivanaguilar/Desktop/DataStuff/gitrepos/testrepo/.trailmix_basic_venv/lib/python3.14/site-packages/scipy/interpolate/_cubic.py", line 50, in prepare_input
    raise ValueError("`x` must contain at least 2 elements.")
ValueError: `x` must contain at least 2 elements.
2026-06-17 15:04:41,099 ERROR derive_age_dist failed (android)
Traceback (most recent call last):
  File "/Users/ivanaguilar/Desktop/DataStuff/gitrepos/testrepo/simulator/common_lib/app.py", line 359, in _derive_age_dist
    retention  = build_curve(anchors[platform]['retention'])
  File "/Users/ivanaguilar/Desktop/DataStuff/gitrepos/testrepo/simulator/common_lib/curves.py", line 26, in build_curve
    interp = PchipInterpolator(days, values, extrapolate=True)
  File "/Users/ivanaguilar/Desktop/DataStuff/gitrepos/testrepo/.trailmix_basic_venv/lib/python3.14/site-packages/scipy/interpolate/_cubic.py", line 263, in __init__
    x, _, y, axis, _ = prepare_input(x, y, axis, xp=xp)
                       ~~~~~~~~~~~~~^^^^^^^^^^^^^^^^^^^
  File "/Users/ivanaguilar/Desktop/DataStuff/gitrepos/testrepo/.trailmix_basic_venv/lib/python3.14/site-packages/scipy/interpolate/_cubic.py", line 50, in prepare_input
    raise ValueError("`x` must contain at least 2 elements.")
ValueError: `x` must contain at least 2 elements.
2026-06-17 15:04:41,102 DEBUG CPI(ios) immediate n=44 (rows pre-existed)
2026-06-17 15:04:41,105 DEBUG CPI(android) immediate n=44 (rows pre-existed)
2026-06-17 15:04:41,163 DEBUG CPI(ios) immediate n=44 (rows pre-existed)
2026-06-17 15:04:41,163 DEBUG CPI(android) immediate n=44 (rows pre-existed)
2026-06-17 15:04:41,337 DEBUG load_saved_scenario COMPLETE name=plan a - no ua, no uplifts
2026-06-17 15:10:13,114 DEBUG ScenarioPanel displayed — all panels now live
2026-06-17 15:10:14,423 DEBUG precreate: start ios=12 arpdau=12 ua=24
2026-06-17 15:10:25,036 DEBUG precreate: done ios=100 ios_boost=100 arpdau=100 ua=100
2026-06-17 15:16:30,340 DEBUG ScenarioPanel displayed — all panels now live
2026-06-17 15:16:31,660 DEBUG precreate: start ios=12 arpdau=12 ua=24
2026-06-17 15:16:42,293 DEBUG precreate: done ios=100 ios_boost=100 arpdau=100 ua=100
2026-06-17 15:21:13,223 DEBUG load_saved_scenario START name=plan a - no ua, no uplifts
2026-06-17 15:21:13,231 DEBUG CPI(ios) immediate n=12 (rows pre-existed)
2026-06-17 15:21:13,236 DEBUG CPI(android) immediate n=12 (rows pre-existed)
2026-06-17 15:21:13,262 ERROR derive_age_dist failed (ios)
Traceback (most recent call last):
  File "/Users/ivanaguilar/Desktop/DataStuff/gitrepos/testrepo/simulator/common_lib/app.py", line 360, in _derive_age_dist
    retention  = build_curve(anchors[platform]['retention'])
  File "/Users/ivanaguilar/Desktop/DataStuff/gitrepos/testrepo/simulator/common_lib/curves.py", line 26, in build_curve
    interp = PchipInterpolator(days, values, extrapolate=True)
  File "/Users/ivanaguilar/Desktop/DataStuff/gitrepos/testrepo/.trailmix_basic_venv/lib/python3.14/site-packages/scipy/interpolate/_cubic.py", line 263, in __init__
    x, _, y, axis, _ = prepare_input(x, y, axis, xp=xp)
                       ~~~~~~~~~~~~~^^^^^^^^^^^^^^^^^^^
  File "/Users/ivanaguilar/Desktop/DataStuff/gitrepos/testrepo/.trailmix_basic_venv/lib/python3.14/site-packages/scipy/interpolate/_cubic.py", line 50, in prepare_input
    raise ValueError("`x` must contain at least 2 elements.")
ValueError: `x` must contain at least 2 elements.
2026-06-17 15:21:13,273 ERROR derive_age_dist failed (android)
Traceback (most recent call last):
  File "/Users/ivanaguilar/Desktop/DataStuff/gitrepos/testrepo/simulator/common_lib/app.py", line 360, in _derive_age_dist
    retention  = build_curve(anchors[platform]['retention'])
  File "/Users/ivanaguilar/Desktop/DataStuff/gitrepos/testrepo/simulator/common_lib/curves.py", line 26, in build_curve
    interp = PchipInterpolator(days, values, extrapolate=True)
  File "/Users/ivanaguilar/Desktop/DataStuff/gitrepos/testrepo/.trailmix_basic_venv/lib/python3.14/site-packages/scipy/interpolate/_cubic.py", line 263, in __init__
    x, _, y, axis, _ = prepare_input(x, y, axis, xp=xp)
                       ~~~~~~~~~~~~~^^^^^^^^^^^^^^^^^^^
  File "/Users/ivanaguilar/Desktop/DataStuff/gitrepos/testrepo/.trailmix_basic_venv/lib/python3.14/site-packages/scipy/interpolate/_cubic.py", line 50, in prepare_input
    raise ValueError("`x` must contain at least 2 elements.")
ValueError: `x` must contain at least 2 elements.
2026-06-17 15:21:13,275 DEBUG CPI(ios) immediate n=44 (rows pre-existed)
2026-06-17 15:21:13,277 DEBUG CPI(android) immediate n=44 (rows pre-existed)
2026-06-17 15:21:13,334 DEBUG CPI(ios) immediate n=44 (rows pre-existed)
2026-06-17 15:21:13,335 DEBUG CPI(android) immediate n=44 (rows pre-existed)
2026-06-17 15:21:13,549 DEBUG load_saved_scenario COMPLETE name=plan a - no ua, no uplifts
2026-06-17 15:28:15,274 DEBUG CPI(ios) immediate n=44 (rows pre-existed)
2026-06-17 15:28:15,288 DEBUG CPI(android) immediate n=44 (rows pre-existed)
2026-06-17 15:28:19,937 DEBUG CPI(ios) immediate n=43 (rows pre-existed)
2026-06-17 15:28:19,938 DEBUG CPI(android) immediate n=43 (rows pre-existed)
2026-06-17 15:28:22,086 DEBUG CPI(ios) immediate n=43 (rows pre-existed)
2026-06-17 15:28:22,087 DEBUG CPI(android) immediate n=43 (rows pre-existed)
2026-06-17 15:32:25,722 DEBUG load_saved_scenario START name=plan a.1 - 2026 ua250K
2026-06-17 15:32:25,735 DEBUG CPI(ios) immediate n=43 (rows pre-existed)
2026-06-17 15:32:25,740 DEBUG CPI(android) immediate n=43 (rows pre-existed)
2026-06-17 15:32:25,796 DEBUG CPI(ios) immediate n=44 (rows pre-existed)
2026-06-17 15:32:25,796 DEBUG CPI(android) immediate n=44 (rows pre-existed)
2026-06-17 15:32:25,816 DEBUG CPI(ios) immediate n=44 (rows pre-existed)
2026-06-17 15:32:25,816 DEBUG CPI(android) immediate n=44 (rows pre-existed)
2026-06-17 15:32:25,829 DEBUG load_saved_scenario COMPLETE name=plan a.1 - 2026 ua250K
2026-06-17 15:33:12,752 DEBUG CPI(ios) immediate n=43 (rows pre-existed)
2026-06-17 15:33:12,753 DEBUG CPI(android) immediate n=43 (rows pre-existed)
2026-06-17 15:33:14,518 DEBUG CPI(ios) immediate n=43 (rows pre-existed)
2026-06-17 15:33:14,518 DEBUG CPI(android) immediate n=43 (rows pre-existed)
2026-06-17 15:34:20,707 DEBUG CPI(ios) immediate n=43 (rows pre-existed)
2026-06-17 15:34:20,714 DEBUG CPI(android) immediate n=43 (rows pre-existed)
2026-06-17 15:39:44,347 DEBUG ScenarioPanel displayed — all panels now live
2026-06-17 15:39:45,725 DEBUG precreate: start ios=12 arpdau=12 ua=24
2026-06-17 15:39:56,477 DEBUG precreate: done ios=100 ios_boost=100 arpdau=100 ua=100
2026-06-17 15:40:40,156 DEBUG load_saved_scenario START name=plan a - no ua, no uplifts
2026-06-17 15:40:40,163 DEBUG CPI(ios) immediate n=12 (rows pre-existed)
2026-06-17 15:40:40,163 DEBUG CPI(android) immediate n=12 (rows pre-existed)
2026-06-17 15:40:40,175 ERROR derive_age_dist failed (ios)
Traceback (most recent call last):
  File "/Users/ivanaguilar/Desktop/DataStuff/gitrepos/testrepo/simulator/common_lib/app.py", line 360, in _derive_age_dist
    retention  = build_curve(anchors[platform]['retention'])
  File "/Users/ivanaguilar/Desktop/DataStuff/gitrepos/testrepo/simulator/common_lib/curves.py", line 26, in build_curve
    interp = PchipInterpolator(days, values, extrapolate=True)
  File "/Users/ivanaguilar/Desktop/DataStuff/gitrepos/testrepo/.trailmix_basic_venv/lib/python3.14/site-packages/scipy/interpolate/_cubic.py", line 263, in __init__
    x, _, y, axis, _ = prepare_input(x, y, axis, xp=xp)
                       ~~~~~~~~~~~~~^^^^^^^^^^^^^^^^^^^
  File "/Users/ivanaguilar/Desktop/DataStuff/gitrepos/testrepo/.trailmix_basic_venv/lib/python3.14/site-packages/scipy/interpolate/_cubic.py", line 50, in prepare_input
    raise ValueError("`x` must contain at least 2 elements.")
ValueError: `x` must contain at least 2 elements.
2026-06-17 15:40:40,181 ERROR derive_age_dist failed (android)
Traceback (most recent call last):
  File "/Users/ivanaguilar/Desktop/DataStuff/gitrepos/testrepo/simulator/common_lib/app.py", line 360, in _derive_age_dist
    retention  = build_curve(anchors[platform]['retention'])
  File "/Users/ivanaguilar/Desktop/DataStuff/gitrepos/testrepo/simulator/common_lib/curves.py", line 26, in build_curve
    interp = PchipInterpolator(days, values, extrapolate=True)
  File "/Users/ivanaguilar/Desktop/DataStuff/gitrepos/testrepo/.trailmix_basic_venv/lib/python3.14/site-packages/scipy/interpolate/_cubic.py", line 263, in __init__
    x, _, y, axis, _ = prepare_input(x, y, axis, xp=xp)
                       ~~~~~~~~~~~~~^^^^^^^^^^^^^^^^^^^
  File "/Users/ivanaguilar/Desktop/DataStuff/gitrepos/testrepo/.trailmix_basic_venv/lib/python3.14/site-packages/scipy/interpolate/_cubic.py", line 50, in prepare_input
    raise ValueError("`x` must contain at least 2 elements.")
ValueError: `x` must contain at least 2 elements.
2026-06-17 15:40:40,184 DEBUG CPI(ios) immediate n=43 (rows pre-existed)
2026-06-17 15:40:40,186 DEBUG CPI(android) immediate n=43 (rows pre-existed)
2026-06-17 15:40:40,264 DEBUG CPI(ios) immediate n=43 (rows pre-existed)
2026-06-17 15:40:40,264 DEBUG CPI(android) immediate n=43 (rows pre-existed)
2026-06-17 15:40:40,416 DEBUG load_saved_scenario COMPLETE name=plan a - no ua, no uplifts
2026-06-17 15:45:55,779 DEBUG ScenarioPanel displayed — all panels now live
2026-06-17 15:45:57,098 DEBUG precreate: start ios=12 arpdau=12 ua=24
2026-06-17 15:46:07,731 DEBUG precreate: done ios=100 ios_boost=100 arpdau=100 ua=100
2026-06-17 15:48:37,712 DEBUG load_saved_scenario START name=plan a - no ua, no uplifts
2026-06-17 15:48:37,716 DEBUG CPI(ios) immediate n=12 (rows pre-existed)
2026-06-17 15:48:37,716 DEBUG CPI(android) immediate n=12 (rows pre-existed)
2026-06-17 15:48:37,723 ERROR derive_age_dist failed (ios)
Traceback (most recent call last):
  File "/Users/ivanaguilar/Desktop/DataStuff/gitrepos/testrepo/simulator/common_lib/app.py", line 360, in _derive_age_dist
    retention  = build_curve(anchors[platform]['retention'])
  File "/Users/ivanaguilar/Desktop/DataStuff/gitrepos/testrepo/simulator/common_lib/curves.py", line 26, in build_curve
    interp = PchipInterpolator(days, values, extrapolate=True)
  File "/Users/ivanaguilar/Desktop/DataStuff/gitrepos/testrepo/.trailmix_basic_venv/lib/python3.14/site-packages/scipy/interpolate/_cubic.py", line 263, in __init__
    x, _, y, axis, _ = prepare_input(x, y, axis, xp=xp)
                       ~~~~~~~~~~~~~^^^^^^^^^^^^^^^^^^^
  File "/Users/ivanaguilar/Desktop/DataStuff/gitrepos/testrepo/.trailmix_basic_venv/lib/python3.14/site-packages/scipy/interpolate/_cubic.py", line 50, in prepare_input
    raise ValueError("`x` must contain at least 2 elements.")
ValueError: `x` must contain at least 2 elements.
2026-06-17 15:48:37,728 ERROR derive_age_dist failed (android)
Traceback (most recent call last):
  File "/Users/ivanaguilar/Desktop/DataStuff/gitrepos/testrepo/simulator/common_lib/app.py", line 360, in _derive_age_dist
    retention  = build_curve(anchors[platform]['retention'])
  File "/Users/ivanaguilar/Desktop/DataStuff/gitrepos/testrepo/simulator/common_lib/curves.py", line 26, in build_curve
    interp = PchipInterpolator(days, values, extrapolate=True)
  File "/Users/ivanaguilar/Desktop/DataStuff/gitrepos/testrepo/.trailmix_basic_venv/lib/python3.14/site-packages/scipy/interpolate/_cubic.py", line 263, in __init__
    x, _, y, axis, _ = prepare_input(x, y, axis, xp=xp)
                       ~~~~~~~~~~~~~^^^^^^^^^^^^^^^^^^^
  File "/Users/ivanaguilar/Desktop/DataStuff/gitrepos/testrepo/.trailmix_basic_venv/lib/python3.14/site-packages/scipy/interpolate/_cubic.py", line 50, in prepare_input
    raise ValueError("`x` must contain at least 2 elements.")
ValueError: `x` must contain at least 2 elements.
2026-06-17 15:48:37,730 DEBUG CPI(ios) immediate n=43 (rows pre-existed)
2026-06-17 15:48:37,732 DEBUG CPI(android) immediate n=43 (rows pre-existed)
2026-06-17 15:48:37,788 DEBUG CPI(ios) immediate n=43 (rows pre-existed)
2026-06-17 15:48:37,788 DEBUG CPI(android) immediate n=43 (rows pre-existed)
2026-06-17 15:48:37,932 DEBUG load_saved_scenario COMPLETE name=plan a - no ua, no uplifts
2026-06-17 15:55:12,951 DEBUG load_saved_scenario START name=plan a.1 - 2026 ua250K
2026-06-17 15:55:12,985 DEBUG load_saved_scenario COMPLETE name=plan a.1 - 2026 ua250K
2026-06-17 15:55:57,763 DEBUG ScenarioPanel displayed — all panels now live
2026-06-17 15:55:59,066 DEBUG precreate: start ios=12 arpdau=12 ua=24
2026-06-17 15:56:09,816 DEBUG precreate: done ios=100 ios_boost=100 arpdau=100 ua=100
2026-06-17 15:56:25,432 DEBUG load_saved_scenario START name=plan a.1 - 2026 ua250K
2026-06-17 15:56:25,437 DEBUG CPI(ios) immediate n=12 (rows pre-existed)
2026-06-17 15:56:25,437 DEBUG CPI(android) immediate n=12 (rows pre-existed)
2026-06-17 15:56:25,450 ERROR derive_age_dist failed (ios)
Traceback (most recent call last):
  File "/Users/ivanaguilar/Desktop/DataStuff/gitrepos/testrepo/simulator/common_lib/app.py", line 360, in _derive_age_dist
    retention  = build_curve(anchors[platform]['retention'])
  File "/Users/ivanaguilar/Desktop/DataStuff/gitrepos/testrepo/simulator/common_lib/curves.py", line 26, in build_curve
    interp = PchipInterpolator(days, values, extrapolate=True)
  File "/Users/ivanaguilar/Desktop/DataStuff/gitrepos/testrepo/.trailmix_basic_venv/lib/python3.14/site-packages/scipy/interpolate/_cubic.py", line 263, in __init__
    x, _, y, axis, _ = prepare_input(x, y, axis, xp=xp)
                       ~~~~~~~~~~~~~^^^^^^^^^^^^^^^^^^^
  File "/Users/ivanaguilar/Desktop/DataStuff/gitrepos/testrepo/.trailmix_basic_venv/lib/python3.14/site-packages/scipy/interpolate/_cubic.py", line 50, in prepare_input
    raise ValueError("`x` must contain at least 2 elements.")
ValueError: `x` must contain at least 2 elements.
2026-06-17 15:56:25,457 ERROR derive_age_dist failed (android)
Traceback (most recent call last):
  File "/Users/ivanaguilar/Desktop/DataStuff/gitrepos/testrepo/simulator/common_lib/app.py", line 360, in _derive_age_dist
    retention  = build_curve(anchors[platform]['retention'])
  File "/Users/ivanaguilar/Desktop/DataStuff/gitrepos/testrepo/simulator/common_lib/curves.py", line 26, in build_curve
    interp = PchipInterpolator(days, values, extrapolate=True)
  File "/Users/ivanaguilar/Desktop/DataStuff/gitrepos/testrepo/.trailmix_basic_venv/lib/python3.14/site-packages/scipy/interpolate/_cubic.py", line 263, in __init__
    x, _, y, axis, _ = prepare_input(x, y, axis, xp=xp)
                       ~~~~~~~~~~~~~^^^^^^^^^^^^^^^^^^^
  File "/Users/ivanaguilar/Desktop/DataStuff/gitrepos/testrepo/.trailmix_basic_venv/lib/python3.14/site-packages/scipy/interpolate/_cubic.py", line 50, in prepare_input
    raise ValueError("`x` must contain at least 2 elements.")
ValueError: `x` must contain at least 2 elements.
2026-06-17 15:56:25,459 DEBUG CPI(ios) immediate n=43 (rows pre-existed)
2026-06-17 15:56:25,461 DEBUG CPI(android) immediate n=43 (rows pre-existed)
2026-06-17 15:56:25,523 DEBUG CPI(ios) immediate n=43 (rows pre-existed)
2026-06-17 15:56:25,523 DEBUG CPI(android) immediate n=43 (rows pre-existed)
2026-06-17 15:56:25,849 DEBUG load_saved_scenario COMPLETE name=plan a.1 - 2026 ua250K
2026-06-17 16:04:26,948 DEBUG ScenarioPanel displayed — all panels now live
2026-06-17 16:04:28,229 DEBUG precreate: start ios=12 arpdau=12 ua=24
2026-06-17 16:04:39,027 DEBUG precreate: done ios=100 ios_boost=100 arpdau=100 ua=100
2026-06-17 16:10:03,919 DEBUG load_saved_scenario START name=plan a - no ua, no uplifts
2026-06-17 16:10:03,928 DEBUG CPI(ios) immediate n=12 (rows pre-existed)
2026-06-17 16:10:03,928 DEBUG CPI(android) immediate n=12 (rows pre-existed)
2026-06-17 16:10:03,941 ERROR derive_age_dist failed (ios)
Traceback (most recent call last):
  File "/Users/ivanaguilar/Desktop/DataStuff/gitrepos/testrepo/simulator/common_lib/app.py", line 360, in _derive_age_dist
    retention  = build_curve(anchors[platform]['retention'])
  File "/Users/ivanaguilar/Desktop/DataStuff/gitrepos/testrepo/simulator/common_lib/curves.py", line 26, in build_curve
    interp = PchipInterpolator(days, values, extrapolate=True)
  File "/Users/ivanaguilar/Desktop/DataStuff/gitrepos/testrepo/.trailmix_basic_venv/lib/python3.14/site-packages/scipy/interpolate/_cubic.py", line 263, in __init__
    x, _, y, axis, _ = prepare_input(x, y, axis, xp=xp)
                       ~~~~~~~~~~~~~^^^^^^^^^^^^^^^^^^^
  File "/Users/ivanaguilar/Desktop/DataStuff/gitrepos/testrepo/.trailmix_basic_venv/lib/python3.14/site-packages/scipy/interpolate/_cubic.py", line 50, in prepare_input
    raise ValueError("`x` must contain at least 2 elements.")
ValueError: `x` must contain at least 2 elements.
2026-06-17 16:10:03,947 ERROR derive_age_dist failed (android)
Traceback (most recent call last):
  File "/Users/ivanaguilar/Desktop/DataStuff/gitrepos/testrepo/simulator/common_lib/app.py", line 360, in _derive_age_dist
    retention  = build_curve(anchors[platform]['retention'])
  File "/Users/ivanaguilar/Desktop/DataStuff/gitrepos/testrepo/simulator/common_lib/curves.py", line 26, in build_curve
    interp = PchipInterpolator(days, values, extrapolate=True)
  File "/Users/ivanaguilar/Desktop/DataStuff/gitrepos/testrepo/.trailmix_basic_venv/lib/python3.14/site-packages/scipy/interpolate/_cubic.py", line 263, in __init__
    x, _, y, axis, _ = prepare_input(x, y, axis, xp=xp)
                       ~~~~~~~~~~~~~^^^^^^^^^^^^^^^^^^^
  File "/Users/ivanaguilar/Desktop/DataStuff/gitrepos/testrepo/.trailmix_basic_venv/lib/python3.14/site-packages/scipy/interpolate/_cubic.py", line 50, in prepare_input
    raise ValueError("`x` must contain at least 2 elements.")
ValueError: `x` must contain at least 2 elements.
2026-06-17 16:10:03,950 DEBUG CPI(ios) immediate n=43 (rows pre-existed)
2026-06-17 16:10:03,952 DEBUG CPI(android) immediate n=43 (rows pre-existed)
2026-06-17 16:10:04,015 DEBUG CPI(ios) immediate n=43 (rows pre-existed)
2026-06-17 16:10:04,016 DEBUG CPI(android) immediate n=43 (rows pre-existed)
2026-06-17 16:10:04,180 DEBUG load_saved_scenario COMPLETE name=plan a - no ua, no uplifts
2026-06-17 16:12:28,069 DEBUG CPI(ios) immediate n=43 (rows pre-existed)
2026-06-17 16:12:28,071 DEBUG CPI(android) immediate n=43 (rows pre-existed)
2026-06-18 10:23:51,621 DEBUG ScenarioPanel displayed — all panels now live
2026-06-18 10:23:52,713 DEBUG precreate: start ios=12 arpdau=12 ua=24
2026-06-18 10:24:03,512 DEBUG precreate: done ios=100 ios_boost=100 arpdau=100 ua=100
2026-06-18 10:26:10,304 DEBUG load_saved_scenario START name=plan a - no ua, no uplifts
2026-06-18 10:26:10,310 DEBUG CPI(ios) immediate n=12 (rows pre-existed)
2026-06-18 10:26:10,310 DEBUG CPI(android) immediate n=12 (rows pre-existed)
2026-06-18 10:26:10,323 ERROR derive_age_dist failed (ios)
Traceback (most recent call last):
  File "/Users/ivanaguilar/Desktop/DataStuff/gitrepos/testrepo/simulator/common_lib/app.py", line 360, in _derive_age_dist
    retention  = build_curve(anchors[platform]['retention'])
  File "/Users/ivanaguilar/Desktop/DataStuff/gitrepos/testrepo/simulator/common_lib/curves.py", line 26, in build_curve
    interp = PchipInterpolator(days, values, extrapolate=True)
  File "/Users/ivanaguilar/Desktop/DataStuff/gitrepos/testrepo/.trailmix_basic_venv/lib/python3.14/site-packages/scipy/interpolate/_cubic.py", line 263, in __init__
    x, _, y, axis, _ = prepare_input(x, y, axis, xp=xp)
                       ~~~~~~~~~~~~~^^^^^^^^^^^^^^^^^^^
  File "/Users/ivanaguilar/Desktop/DataStuff/gitrepos/testrepo/.trailmix_basic_venv/lib/python3.14/site-packages/scipy/interpolate/_cubic.py", line 50, in prepare_input
    raise ValueError("`x` must contain at least 2 elements.")
ValueError: `x` must contain at least 2 elements.
2026-06-18 10:26:10,328 ERROR derive_age_dist failed (android)
Traceback (most recent call last):
  File "/Users/ivanaguilar/Desktop/DataStuff/gitrepos/testrepo/simulator/common_lib/app.py", line 360, in _derive_age_dist
    retention  = build_curve(anchors[platform]['retention'])
  File "/Users/ivanaguilar/Desktop/DataStuff/gitrepos/testrepo/simulator/common_lib/curves.py", line 26, in build_curve
    interp = PchipInterpolator(days, values, extrapolate=True)
  File "/Users/ivanaguilar/Desktop/DataStuff/gitrepos/testrepo/.trailmix_basic_venv/lib/python3.14/site-packages/scipy/interpolate/_cubic.py", line 263, in __init__
    x, _, y, axis, _ = prepare_input(x, y, axis, xp=xp)
                       ~~~~~~~~~~~~~^^^^^^^^^^^^^^^^^^^
  File "/Users/ivanaguilar/Desktop/DataStuff/gitrepos/testrepo/.trailmix_basic_venv/lib/python3.14/site-packages/scipy/interpolate/_cubic.py", line 50, in prepare_input
    raise ValueError("`x` must contain at least 2 elements.")
ValueError: `x` must contain at least 2 elements.
2026-06-18 10:26:10,331 DEBUG CPI(ios) immediate n=43 (rows pre-existed)
2026-06-18 10:26:10,333 DEBUG CPI(android) immediate n=43 (rows pre-existed)
2026-06-18 10:26:10,392 DEBUG CPI(ios) immediate n=43 (rows pre-existed)
2026-06-18 10:26:10,392 DEBUG CPI(android) immediate n=43 (rows pre-existed)
2026-06-18 10:26:10,576 DEBUG load_saved_scenario COMPLETE name=plan a - no ua, no uplifts
2026-06-18 10:42:43,234 DEBUG load_saved_scenario START name=plan a - no ua, no uplifts
2026-06-18 10:42:43,245 DEBUG load_saved_scenario COMPLETE name=plan a - no ua, no uplifts
2026-06-18 10:43:02,760 DEBUG ScenarioPanel displayed — all panels now live
2026-06-18 10:43:03,840 DEBUG precreate: start ios=12 arpdau=12 ua=24
2026-06-18 10:43:14,573 DEBUG precreate: done ios=100 ios_boost=100 arpdau=100 ua=100
2026-06-18 10:43:22,575 DEBUG load_saved_scenario START name=plan a - no ua, no uplifts
2026-06-18 10:43:22,581 DEBUG CPI(ios) immediate n=12 (rows pre-existed)
2026-06-18 10:43:22,582 DEBUG CPI(android) immediate n=12 (rows pre-existed)
2026-06-18 10:43:22,595 ERROR derive_age_dist failed (ios)
Traceback (most recent call last):
  File "/Users/ivanaguilar/Desktop/DataStuff/gitrepos/testrepo/simulator/common_lib/app.py", line 360, in _derive_age_dist
    retention  = build_curve(anchors[platform]['retention'])
  File "/Users/ivanaguilar/Desktop/DataStuff/gitrepos/testrepo/simulator/common_lib/curves.py", line 26, in build_curve
    interp = PchipInterpolator(days, values, extrapolate=True)
  File "/Users/ivanaguilar/Desktop/DataStuff/gitrepos/testrepo/.trailmix_basic_venv/lib/python3.14/site-packages/scipy/interpolate/_cubic.py", line 263, in __init__
    x, _, y, axis, _ = prepare_input(x, y, axis, xp=xp)
                       ~~~~~~~~~~~~~^^^^^^^^^^^^^^^^^^^
  File "/Users/ivanaguilar/Desktop/DataStuff/gitrepos/testrepo/.trailmix_basic_venv/lib/python3.14/site-packages/scipy/interpolate/_cubic.py", line 50, in prepare_input
    raise ValueError("`x` must contain at least 2 elements.")
ValueError: `x` must contain at least 2 elements.
2026-06-18 10:43:22,600 ERROR derive_age_dist failed (android)
Traceback (most recent call last):
  File "/Users/ivanaguilar/Desktop/DataStuff/gitrepos/testrepo/simulator/common_lib/app.py", line 360, in _derive_age_dist
    retention  = build_curve(anchors[platform]['retention'])
  File "/Users/ivanaguilar/Desktop/DataStuff/gitrepos/testrepo/simulator/common_lib/curves.py", line 26, in build_curve
    interp = PchipInterpolator(days, values, extrapolate=True)
  File "/Users/ivanaguilar/Desktop/DataStuff/gitrepos/testrepo/.trailmix_basic_venv/lib/python3.14/site-packages/scipy/interpolate/_cubic.py", line 263, in __init__
    x, _, y, axis, _ = prepare_input(x, y, axis, xp=xp)
                       ~~~~~~~~~~~~~^^^^^^^^^^^^^^^^^^^
  File "/Users/ivanaguilar/Desktop/DataStuff/gitrepos/testrepo/.trailmix_basic_venv/lib/python3.14/site-packages/scipy/interpolate/_cubic.py", line 50, in prepare_input
    raise ValueError("`x` must contain at least 2 elements.")
ValueError: `x` must contain at least 2 elements.
2026-06-18 10:43:22,603 DEBUG CPI(ios) immediate n=43 (rows pre-existed)
2026-06-18 10:43:22,606 DEBUG CPI(android) immediate n=43 (rows pre-existed)
2026-06-18 10:43:22,668 DEBUG CPI(ios) immediate n=43 (rows pre-existed)
2026-06-18 10:43:22,668 DEBUG CPI(android) immediate n=43 (rows pre-existed)
2026-06-18 10:43:22,819 DEBUG load_saved_scenario COMPLETE name=plan a - no ua, no uplifts
2026-06-18 10:44:27,576 DEBUG load_saved_scenario START name=plan a.1 - 2026 ua250K
2026-06-18 10:44:27,606 DEBUG load_saved_scenario COMPLETE name=plan a.1 - 2026 ua250K
2026-06-18 12:19:54,475 DEBUG ScenarioPanel displayed — all panels now live
2026-06-18 12:19:55,529 DEBUG precreate: start ios=12 arpdau=12 ua=24
2026-06-18 12:20:06,279 DEBUG precreate: done ios=100 ios_boost=100 arpdau=100 ua=100
2026-06-18 12:20:16,180 DEBUG load_saved_scenario START name=plan a - no ua, no uplifts
2026-06-18 12:20:16,185 DEBUG CPI(ios) immediate n=12 (rows pre-existed)
2026-06-18 12:20:16,185 DEBUG CPI(android) immediate n=12 (rows pre-existed)
2026-06-18 12:20:16,189 DEBUG CPI(ios) immediate n=43 (rows pre-existed)
2026-06-18 12:20:16,192 DEBUG CPI(android) immediate n=43 (rows pre-existed)
2026-06-18 12:20:16,259 DEBUG CPI(ios) immediate n=43 (rows pre-existed)
2026-06-18 12:20:16,259 DEBUG CPI(android) immediate n=43 (rows pre-existed)
2026-06-18 12:20:16,424 DEBUG load_saved_scenario COMPLETE name=plan a - no ua, no uplifts
2026-06-18 12:21:34,803 DEBUG load_saved_scenario START name=plan a.1 - 2026 ua250K
2026-06-18 12:21:34,833 DEBUG load_saved_scenario COMPLETE name=plan a.1 - 2026 ua250K
2026-06-18 12:21:41,591 DEBUG load_saved_scenario START name=plan a - no ua, no uplifts
2026-06-18 12:21:41,622 DEBUG load_saved_scenario COMPLETE name=plan a - no ua, no uplifts
2026-06-18 12:42:45,805 DEBUG ScenarioPanel displayed — all panels now live
2026-06-18 12:42:46,877 DEBUG precreate: start ios=12 arpdau=12 ua=24
2026-06-18 12:42:57,633 DEBUG precreate: done ios=100 ios_boost=100 arpdau=100 ua=100
2026-06-18 12:43:09,810 DEBUG load_saved_scenario START name=plan a - no ua, no uplifts
2026-06-18 12:43:09,815 DEBUG CPI(ios) immediate n=12 (rows pre-existed)
2026-06-18 12:43:09,816 DEBUG CPI(android) immediate n=12 (rows pre-existed)
2026-06-18 12:43:09,820 DEBUG CPI(ios) immediate n=43 (rows pre-existed)
2026-06-18 12:43:09,823 DEBUG CPI(android) immediate n=43 (rows pre-existed)
2026-06-18 12:43:09,891 DEBUG CPI(ios) immediate n=43 (rows pre-existed)
2026-06-18 12:43:09,891 DEBUG CPI(android) immediate n=43 (rows pre-existed)
2026-06-18 12:43:10,042 DEBUG load_saved_scenario COMPLETE name=plan a - no ua, no uplifts
2026-06-18 12:43:10,049 DEBUG _wait_and_show_status START name=plan a - no ua, no uplifts
2026-06-18 12:43:10,150 DEBUG _wait_and_show_status poll timers=[False, False, False, False, False, False]
2026-06-18 12:43:10,154 ERROR _wait_and_show_status failed name=plan a - no ua, no uplifts
Traceback (most recent call last):
  File "/Users/ivanaguilar/Desktop/DataStuff/gitrepos/testrepo/simulator/common_lib/app.py", line 282, in _wait_and_show_status
    panel.resync_header_widgets()
    ~~~~~~~~~~~~~~~~~~~~~~~~~~~^^
  File "/Users/ivanaguilar/Desktop/DataStuff/gitrepos/testrepo/simulator/common_lib/widgets.py", line 1767, in resync_header_widgets
    ap._mode.send_state()
    ^^^^^^^^
AttributeError: 'ActualsRangePanel' object has no attribute '_mode'
2026-06-18 12:46:01,138 DEBUG load_saved_scenario START name=plan a.1 - 2026 ua250K
2026-06-18 12:46:01,167 DEBUG load_saved_scenario COMPLETE name=plan a.1 - 2026 ua250K
2026-06-18 12:46:01,173 DEBUG _wait_and_show_status START name=plan a.1 - 2026 ua250K
2026-06-18 12:46:01,274 DEBUG _wait_and_show_status poll timers=[False, False, False, False, False, False]
2026-06-18 12:46:01,279 ERROR _wait_and_show_status failed name=plan a.1 - 2026 ua250K
Traceback (most recent call last):
  File "/Users/ivanaguilar/Desktop/DataStuff/gitrepos/testrepo/simulator/common_lib/app.py", line 282, in _wait_and_show_status
    panel.resync_header_widgets()
    ~~~~~~~~~~~~~~~~~~~~~~~~~~~^^
  File "/Users/ivanaguilar/Desktop/DataStuff/gitrepos/testrepo/simulator/common_lib/widgets.py", line 1767, in resync_header_widgets
    ap._mode.send_state()
    ^^^^^^^^
AttributeError: 'ActualsRangePanel' object has no attribute '_mode'
2026-06-18 12:46:10,091 DEBUG load_saved_scenario START name=plan a - no ua, no uplifts
2026-06-18 12:46:10,122 DEBUG load_saved_scenario COMPLETE name=plan a - no ua, no uplifts
2026-06-18 12:46:10,128 DEBUG _wait_and_show_status START name=plan a - no ua, no uplifts
2026-06-18 12:46:10,229 DEBUG _wait_and_show_status poll timers=[False, False, False, False, False, False]
2026-06-18 12:46:10,233 ERROR _wait_and_show_status failed name=plan a - no ua, no uplifts
Traceback (most recent call last):
  File "/Users/ivanaguilar/Desktop/DataStuff/gitrepos/testrepo/simulator/common_lib/app.py", line 282, in _wait_and_show_status
    panel.resync_header_widgets()
    ~~~~~~~~~~~~~~~~~~~~~~~~~~~^^
  File "/Users/ivanaguilar/Desktop/DataStuff/gitrepos/testrepo/simulator/common_lib/widgets.py", line 1767, in resync_header_widgets
    ap._mode.send_state()
    ^^^^^^^^
AttributeError: 'ActualsRangePanel' object has no attribute '_mode'
2026-06-18 12:46:18,440 DEBUG CPI(ios) immediate n=43 (rows pre-existed)
2026-06-18 12:46:18,444 DEBUG CPI(android) immediate n=43 (rows pre-existed)
2026-06-18 13:01:46,350 DEBUG CPI(ios) immediate n=43 (rows pre-existed)
2026-06-18 13:01:46,357 DEBUG CPI(android) immediate n=43 (rows pre-existed)
2026-06-18 13:02:45,837 DEBUG load_saved_scenario START name=plan a - no ua, no uplifts
2026-06-18 13:02:45,848 DEBUG CPI(ios) immediate n=43 (rows pre-existed)
2026-06-18 13:02:45,853 DEBUG CPI(android) immediate n=43 (rows pre-existed)
2026-06-18 13:02:45,908 DEBUG load_saved_scenario COMPLETE name=plan a - no ua, no uplifts
2026-06-18 13:02:45,922 DEBUG _wait_and_show_status START name=plan a - no ua, no uplifts
2026-06-18 13:02:46,022 DEBUG _wait_and_show_status poll timers=[False, False, False, False, False, False]
2026-06-18 13:02:46,026 ERROR _wait_and_show_status failed name=plan a - no ua, no uplifts
Traceback (most recent call last):
  File "/Users/ivanaguilar/Desktop/DataStuff/gitrepos/testrepo/simulator/common_lib/app.py", line 282, in _wait_and_show_status
    panel.resync_header_widgets()
    ~~~~~~~~~~~~~~~~~~~~~~~~~~~^^
  File "/Users/ivanaguilar/Desktop/DataStuff/gitrepos/testrepo/simulator/common_lib/widgets.py", line 1767, in resync_header_widgets
    ap._mode.send_state()
    ^^^^^^^^
AttributeError: 'ActualsRangePanel' object has no attribute '_mode'
2026-06-18 13:02:58,340 DEBUG CPI(ios) immediate n=43 (rows pre-existed)
2026-06-18 13:02:58,348 DEBUG CPI(android) immediate n=43 (rows pre-existed)
2026-06-18 13:53:45,782 DEBUG ScenarioPanel displayed — all panels now live
2026-06-18 13:53:46,857 DEBUG precreate: start ios=12 arpdau=12 ua=24
2026-06-18 13:53:57,664 DEBUG precreate: done ios=100 ios_boost=100 arpdau=100 ua=100
2026-06-18 13:54:07,613 DEBUG load_saved_scenario START name=plan a - no ua, no uplifts (test)
2026-06-18 13:54:07,619 DEBUG CPI(ios) immediate n=12 (rows pre-existed)
2026-06-18 13:54:07,620 DEBUG CPI(android) immediate n=12 (rows pre-existed)
2026-06-18 13:54:07,629 DEBUG CPI(ios) immediate n=43 (rows pre-existed)
2026-06-18 13:54:07,631 DEBUG CPI(android) immediate n=43 (rows pre-existed)
2026-06-18 13:54:07,697 DEBUG CPI(ios) immediate n=43 (rows pre-existed)
2026-06-18 13:54:07,697 DEBUG CPI(android) immediate n=43 (rows pre-existed)
2026-06-18 13:54:07,847 DEBUG load_saved_scenario COMPLETE name=plan a - no ua, no uplifts (test)
2026-06-18 13:54:07,856 DEBUG _wait_and_show_status START name=plan a - no ua, no uplifts (test)
2026-06-18 13:54:07,956 DEBUG _wait_and_show_status poll timers=[False, False, False, False, False, False]
2026-06-18 13:54:07,960 ERROR _wait_and_show_status failed name=plan a - no ua, no uplifts (test)
Traceback (most recent call last):
  File "/Users/ivanaguilar/Desktop/DataStuff/gitrepos/testrepo/simulator/common_lib/app.py", line 283, in _wait_and_show_status
    panel.resync_header_widgets()
    ~~~~~~~~~~~~~~~~~~~~~~~~~~~^^
  File "/Users/ivanaguilar/Desktop/DataStuff/gitrepos/testrepo/simulator/common_lib/widgets.py", line 1767, in resync_header_widgets
    ap._mode.send_state()
    ^^^^^^^^
AttributeError: 'ActualsRangePanel' object has no attribute '_mode'
2026-06-18 14:41:45,340 DEBUG load_saved_scenario START name=plan a - no ua, no uplifts
2026-06-18 14:41:45,357 DEBUG CPI(ios) immediate n=43 (rows pre-existed)
2026-06-18 14:41:45,364 DEBUG CPI(android) immediate n=43 (rows pre-existed)
2026-06-18 14:41:45,423 DEBUG load_saved_scenario COMPLETE name=plan a - no ua, no uplifts
2026-06-18 14:41:45,436 DEBUG _wait_and_show_status START name=plan a - no ua, no uplifts
2026-06-18 14:41:45,537 DEBUG _wait_and_show_status poll timers=[False, False, False, False, False, False]
2026-06-18 14:41:45,541 ERROR _wait_and_show_status failed name=plan a - no ua, no uplifts
Traceback (most recent call last):
  File "/Users/ivanaguilar/Desktop/DataStuff/gitrepos/testrepo/simulator/common_lib/app.py", line 283, in _wait_and_show_status
    panel.resync_header_widgets()
    ~~~~~~~~~~~~~~~~~~~~~~~~~~~^^
  File "/Users/ivanaguilar/Desktop/DataStuff/gitrepos/testrepo/simulator/common_lib/widgets.py", line 1767, in resync_header_widgets
    ap._mode.send_state()
    ^^^^^^^^
AttributeError: 'ActualsRangePanel' object has no attribute '_mode'
2026-06-18 14:42:06,024 DEBUG CPI(ios) immediate n=43 (rows pre-existed)
2026-06-18 14:42:06,042 DEBUG CPI(android) immediate n=43 (rows pre-existed)
2026-06-18 14:44:57,195 DEBUG CPI(ios) immediate n=43 (rows pre-existed)
2026-06-18 14:44:57,209 DEBUG CPI(android) immediate n=43 (rows pre-existed)
2026-06-18 14:52:29,260 DEBUG load_saved_scenario START name=plan a.1 - 2026 ua250K
2026-06-18 14:52:29,271 DEBUG CPI(ios) immediate n=43 (rows pre-existed)
2026-06-18 14:52:29,277 DEBUG CPI(android) immediate n=43 (rows pre-existed)
2026-06-18 14:52:29,403 DEBUG load_saved_scenario COMPLETE name=plan a.1 - 2026 ua250K
2026-06-18 14:52:29,404 DEBUG _wait_and_show_status START name=plan a.1 - 2026 ua250K
2026-06-18 14:52:29,505 DEBUG _wait_and_show_status poll timers=[False, False, False, False, False, False]
2026-06-18 14:52:29,509 ERROR _wait_and_show_status failed name=plan a.1 - 2026 ua250K
Traceback (most recent call last):
  File "/Users/ivanaguilar/Desktop/DataStuff/gitrepos/testrepo/simulator/common_lib/app.py", line 283, in _wait_and_show_status
    panel.resync_header_widgets()
    ~~~~~~~~~~~~~~~~~~~~~~~~~~~^^
  File "/Users/ivanaguilar/Desktop/DataStuff/gitrepos/testrepo/simulator/common_lib/widgets.py", line 1767, in resync_header_widgets
    ap._mode.send_state()
    ^^^^^^^^
AttributeError: 'ActualsRangePanel' object has no attribute '_mode'
2026-06-18 14:52:51,831 DEBUG load_saved_scenario START name=plan a1 - 2026 ua250k
2026-06-18 14:52:51,841 DEBUG CPI(ios) immediate n=43 (rows pre-existed)
2026-06-18 14:52:51,846 DEBUG CPI(android) immediate n=43 (rows pre-existed)
2026-06-18 14:52:51,886 DEBUG load_saved_scenario COMPLETE name=plan a1 - 2026 ua250k
2026-06-18 14:52:51,897 DEBUG _wait_and_show_status START name=plan a1 - 2026 ua250k
2026-06-18 14:52:51,999 DEBUG _wait_and_show_status poll timers=[False, False, False, False, False, False]
2026-06-18 14:52:52,007 ERROR _wait_and_show_status failed name=plan a1 - 2026 ua250k
Traceback (most recent call last):
  File "/Users/ivanaguilar/Desktop/DataStuff/gitrepos/testrepo/simulator/common_lib/app.py", line 283, in _wait_and_show_status
    panel.resync_header_widgets()
    ~~~~~~~~~~~~~~~~~~~~~~~~~~~^^
  File "/Users/ivanaguilar/Desktop/DataStuff/gitrepos/testrepo/simulator/common_lib/widgets.py", line 1767, in resync_header_widgets
    ap._mode.send_state()
    ^^^^^^^^
AttributeError: 'ActualsRangePanel' object has no attribute '_mode'
2026-06-18 14:57:58,066 DEBUG load_saved_scenario START name=plan a2 - 2027 ua250k
2026-06-18 14:57:58,090 DEBUG load_saved_scenario COMPLETE name=plan a2 - 2027 ua250k
2026-06-18 14:57:58,094 DEBUG _wait_and_show_status START name=plan a2 - 2027 ua250k
2026-06-18 14:57:58,196 DEBUG _wait_and_show_status poll timers=[False, False, False, False, False, False]
2026-06-18 14:57:58,202 ERROR _wait_and_show_status failed name=plan a2 - 2027 ua250k
Traceback (most recent call last):
  File "/Users/ivanaguilar/Desktop/DataStuff/gitrepos/testrepo/simulator/common_lib/app.py", line 283, in _wait_and_show_status
    panel.resync_header_widgets()
    ~~~~~~~~~~~~~~~~~~~~~~~~~~~^^
  File "/Users/ivanaguilar/Desktop/DataStuff/gitrepos/testrepo/simulator/common_lib/widgets.py", line 1767, in resync_header_widgets
    ap._mode.send_state()
    ^^^^^^^^
AttributeError: 'ActualsRangePanel' object has no attribute '_mode'
2026-06-24 10:07:49,308 DEBUG ScenarioPanel displayed — all panels now live
2026-06-24 10:07:50,378 DEBUG precreate: start ios=12 arpdau=12 ua=24
2026-06-24 10:08:01,045 DEBUG precreate: done ios=100 ios_boost=100 arpdau=100 ua=100
2026-06-24 10:08:15,325 ERROR run_simulation failed
Traceback (most recent call last):
  File "/Users/ivanaguilar/Desktop/DataStuff/gitrepos/testrepo/simulator/common_lib/app.py", line 96, in run_simulation
    ios_inp     = _build_inputs('ios',     panel.get_ios_overrides())
  File "/Users/ivanaguilar/Desktop/DataStuff/gitrepos/testrepo/simulator/common_lib/app.py", line 76, in _build_inputs
    retention_curve=build_curve(anchors[platform]['retention']),
                    ~~~~~~~~~~~^^^^^^^^^^^^^^^^^^^^^^^^^^^^^^^^
  File "/Users/ivanaguilar/Desktop/DataStuff/gitrepos/testrepo/simulator/common_lib/curves.py", line 26, in build_curve
    interp = PchipInterpolator(days, values, extrapolate=True)
  File "/Users/ivanaguilar/Desktop/DataStuff/gitrepos/testrepo/.trailmix_basic_venv/lib/python3.14/site-packages/scipy/interpolate/_cubic.py", line 263, in __init__
    x, _, y, axis, _ = prepare_input(x, y, axis, xp=xp)
                       ~~~~~~~~~~~~~^^^^^^^^^^^^^^^^^^^
  File "/Users/ivanaguilar/Desktop/DataStuff/gitrepos/testrepo/.trailmix_basic_venv/lib/python3.14/site-packages/scipy/interpolate/_cubic.py", line 50, in prepare_input
    raise ValueError("`x` must contain at least 2 elements.")
ValueError: `x` must contain at least 2 elements.
2026-06-24 10:10:24,842 DEBUG load_saved_scenario START name=plan a - no ua, no uplifts
2026-06-24 10:10:24,850 DEBUG CPI(ios) immediate n=12 (rows pre-existed)
2026-06-24 10:10:24,851 DEBUG CPI(android) immediate n=12 (rows pre-existed)
2026-06-24 10:10:24,861 DEBUG CPI(ios) immediate n=43 (rows pre-existed)
2026-06-24 10:10:24,863 DEBUG CPI(android) immediate n=43 (rows pre-existed)
2026-06-24 10:10:24,928 DEBUG CPI(ios) immediate n=43 (rows pre-existed)
2026-06-24 10:10:24,928 DEBUG CPI(android) immediate n=43 (rows pre-existed)
2026-06-24 10:10:25,069 DEBUG load_saved_scenario COMPLETE name=plan a - no ua, no uplifts
2026-06-24 10:10:25,077 DEBUG _wait_and_show_status START name=plan a - no ua, no uplifts
2026-06-24 10:10:25,179 DEBUG _wait_and_show_status poll timers=[False, False, False, False, False, False]
2026-06-24 10:10:25,183 ERROR _wait_and_show_status failed name=plan a - no ua, no uplifts
Traceback (most recent call last):
  File "/Users/ivanaguilar/Desktop/DataStuff/gitrepos/testrepo/simulator/common_lib/app.py", line 283, in _wait_and_show_status
    panel.resync_header_widgets()
    ~~~~~~~~~~~~~~~~~~~~~~~~~~~^^
  File "/Users/ivanaguilar/Desktop/DataStuff/gitrepos/testrepo/simulator/common_lib/widgets.py", line 1767, in resync_header_widgets
    ap._mode.send_state()
    ^^^^^^^^
AttributeError: 'ActualsRangePanel' object has no attribute '_mode'
2026-06-24 10:30:21,767 DEBUG CPI(ios) immediate n=43 (rows pre-existed)
2026-06-24 10:30:21,774 DEBUG CPI(android) immediate n=43 (rows pre-existed)
2026-06-24 10:37:26,717 DEBUG CPI(ios) immediate n=43 (rows pre-existed)
2026-06-24 10:37:26,719 DEBUG CPI(android) immediate n=43 (rows pre-existed)
2026-06-24 10:42:58,438 DEBUG load_saved_scenario START name=plan a - no ua, no uplifts
2026-06-24 10:42:58,448 DEBUG CPI(ios) immediate n=43 (rows pre-existed)
2026-06-24 10:42:58,452 DEBUG CPI(android) immediate n=43 (rows pre-existed)
2026-06-24 10:42:58,504 DEBUG load_saved_scenario COMPLETE name=plan a - no ua, no uplifts
2026-06-24 10:42:58,517 DEBUG _wait_and_show_status START name=plan a - no ua, no uplifts
2026-06-24 10:42:58,698 DEBUG _wait_and_show_status poll timers=[False, False, False, False, False, False]
2026-06-24 10:42:58,707 ERROR _wait_and_show_status failed name=plan a - no ua, no uplifts
Traceback (most recent call last):
  File "/Users/ivanaguilar/Desktop/DataStuff/gitrepos/testrepo/simulator/common_lib/app.py", line 283, in _wait_and_show_status
    panel.resync_header_widgets()
    ~~~~~~~~~~~~~~~~~~~~~~~~~~~^^
  File "/Users/ivanaguilar/Desktop/DataStuff/gitrepos/testrepo/simulator/common_lib/widgets.py", line 1767, in resync_header_widgets
    ap._mode.send_state()
    ^^^^^^^^
AttributeError: 'ActualsRangePanel' object has no attribute '_mode'
2026-06-24 10:44:32,080 DEBUG load_saved_scenario START name=plan a - no ua, no uplifts
2026-06-24 10:44:32,115 DEBUG load_saved_scenario COMPLETE name=plan a - no ua, no uplifts
2026-06-24 10:44:32,124 DEBUG _wait_and_show_status START name=plan a - no ua, no uplifts
2026-06-24 10:44:32,225 DEBUG _wait_and_show_status poll timers=[False, False, False, False, False, False]
2026-06-24 10:44:32,236 ERROR _wait_and_show_status failed name=plan a - no ua, no uplifts
Traceback (most recent call last):
  File "/Users/ivanaguilar/Desktop/DataStuff/gitrepos/testrepo/simulator/common_lib/app.py", line 283, in _wait_and_show_status
    panel.resync_header_widgets()
    ~~~~~~~~~~~~~~~~~~~~~~~~~~~^^
  File "/Users/ivanaguilar/Desktop/DataStuff/gitrepos/testrepo/simulator/common_lib/widgets.py", line 1767, in resync_header_widgets
    ap._mode.send_state()
    ^^^^^^^^
AttributeError: 'ActualsRangePanel' object has no attribute '_mode'
2026-06-24 10:50:28,110 DEBUG ScenarioPanel displayed — all panels now live
2026-06-24 10:50:29,170 DEBUG precreate: start ios=12 arpdau=12 ua=24
2026-06-24 10:50:39,800 DEBUG precreate: done ios=100 ios_boost=100 arpdau=100 ua=100
2026-06-24 10:56:23,896 DEBUG load_saved_scenario START name=plan a - no ua, no uplifts
2026-06-24 10:56:23,906 DEBUG CPI(ios) immediate n=12 (rows pre-existed)
2026-06-24 10:56:23,908 DEBUG CPI(android) immediate n=12 (rows pre-existed)
2026-06-24 10:56:23,919 DEBUG CPI(ios) immediate n=43 (rows pre-existed)
2026-06-24 10:56:23,921 DEBUG CPI(android) immediate n=43 (rows pre-existed)
2026-06-24 10:56:23,982 DEBUG CPI(ios) immediate n=43 (rows pre-existed)
2026-06-24 10:56:23,982 DEBUG CPI(android) immediate n=43 (rows pre-existed)
2026-06-24 10:56:24,173 DEBUG load_saved_scenario COMPLETE name=plan a - no ua, no uplifts
2026-06-24 10:56:24,183 DEBUG _wait_and_show_status START name=plan a - no ua, no uplifts
2026-06-24 10:56:24,283 DEBUG _wait_and_show_status poll timers=[False, False, False, False, False, False]
2026-06-24 10:56:24,287 ERROR _wait_and_show_status failed name=plan a - no ua, no uplifts
Traceback (most recent call last):
  File "/Users/ivanaguilar/Desktop/DataStuff/gitrepos/testrepo/simulator/common_lib/app.py", line 283, in _wait_and_show_status
    panel.resync_header_widgets()
    ~~~~~~~~~~~~~~~~~~~~~~~~~~~^^
  File "/Users/ivanaguilar/Desktop/DataStuff/gitrepos/testrepo/simulator/common_lib/widgets.py", line 1767, in resync_header_widgets
    ap._mode.send_state()
    ^^^^^^^^
AttributeError: 'ActualsRangePanel' object has no attribute '_mode'
2026-06-24 11:04:14,719 DEBUG ScenarioPanel displayed — all panels now live
2026-06-24 11:04:15,776 DEBUG precreate: start ios=12 arpdau=12 ua=24
2026-06-24 11:04:26,511 DEBUG precreate: done ios=100 ios_boost=100 arpdau=100 ua=100
2026-06-24 11:09:23,919 DEBUG load_saved_scenario START name=plan a - no ua, no uplifts
2026-06-24 11:09:23,928 DEBUG CPI(ios) immediate n=12 (rows pre-existed)
2026-06-24 11:09:23,930 DEBUG CPI(android) immediate n=12 (rows pre-existed)
2026-06-24 11:09:23,940 DEBUG CPI(ios) immediate n=43 (rows pre-existed)
2026-06-24 11:09:23,943 DEBUG CPI(android) immediate n=43 (rows pre-existed)
2026-06-24 11:09:24,006 DEBUG CPI(ios) immediate n=43 (rows pre-existed)
2026-06-24 11:09:24,007 DEBUG CPI(android) immediate n=43 (rows pre-existed)
2026-06-24 11:09:24,146 DEBUG load_saved_scenario COMPLETE name=plan a - no ua, no uplifts
2026-06-24 11:09:24,155 DEBUG _wait_and_show_status START name=plan a - no ua, no uplifts
2026-06-24 11:09:24,256 DEBUG _wait_and_show_status poll timers=[False, False, False, False, False, False]
2026-06-24 11:09:24,260 ERROR _wait_and_show_status failed name=plan a - no ua, no uplifts
Traceback (most recent call last):
  File "/Users/ivanaguilar/Desktop/DataStuff/gitrepos/testrepo/simulator/common_lib/app.py", line 283, in _wait_and_show_status
    panel.resync_header_widgets()
    ~~~~~~~~~~~~~~~~~~~~~~~~~~~^^
  File "/Users/ivanaguilar/Desktop/DataStuff/gitrepos/testrepo/simulator/common_lib/widgets.py", line 1767, in resync_header_widgets
    ap._mode.send_state()
    ^^^^^^^^
AttributeError: 'ActualsRangePanel' object has no attribute '_mode'
2026-06-24 11:14:12,501 DEBUG ScenarioPanel displayed — all panels now live
2026-06-24 11:14:13,558 DEBUG precreate: start ios=12 arpdau=12 ua=24
2026-06-24 11:14:24,294 DEBUG precreate: done ios=100 ios_boost=100 arpdau=100 ua=100
2026-06-24 11:19:12,384 DEBUG load_saved_scenario START name=plan a - no ua, no uplifts
2026-06-24 11:19:12,394 DEBUG CPI(ios) immediate n=12 (rows pre-existed)
2026-06-24 11:19:12,396 DEBUG CPI(android) immediate n=12 (rows pre-existed)
2026-06-24 11:19:12,409 DEBUG CPI(ios) immediate n=43 (rows pre-existed)
2026-06-24 11:19:12,412 DEBUG CPI(android) immediate n=43 (rows pre-existed)
2026-06-24 11:19:12,479 DEBUG CPI(ios) immediate n=43 (rows pre-existed)
2026-06-24 11:19:12,480 DEBUG CPI(android) immediate n=43 (rows pre-existed)
2026-06-24 11:19:12,675 DEBUG load_saved_scenario COMPLETE name=plan a - no ua, no uplifts
2026-06-24 11:19:12,683 DEBUG _wait_and_show_status START name=plan a - no ua, no uplifts
2026-06-24 11:19:12,784 DEBUG _wait_and_show_status poll timers=[False, False, False, False, False, False]
2026-06-24 11:19:12,802 ERROR _wait_and_show_status failed name=plan a - no ua, no uplifts
Traceback (most recent call last):
  File "/Users/ivanaguilar/Desktop/DataStuff/gitrepos/testrepo/simulator/common_lib/app.py", line 283, in _wait_and_show_status
    panel.resync_header_widgets()
    ~~~~~~~~~~~~~~~~~~~~~~~~~~~^^
  File "/Users/ivanaguilar/Desktop/DataStuff/gitrepos/testrepo/simulator/common_lib/widgets.py", line 1767, in resync_header_widgets
    ap._mode.send_state()
    ^^^^^^^^
AttributeError: 'ActualsRangePanel' object has no attribute '_mode'
2026-06-24 11:25:17,303 DEBUG ScenarioPanel displayed — all panels now live
2026-06-24 11:25:18,372 DEBUG precreate: start ios=12 arpdau=12 ua=24
2026-06-24 11:25:29,136 DEBUG precreate: done ios=100 ios_boost=100 arpdau=100 ua=100
2026-06-24 11:27:42,007 DEBUG load_saved_scenario START name=plan a - no ua, no uplifts
2026-06-24 11:27:42,016 DEBUG CPI(ios) immediate n=12 (rows pre-existed)
2026-06-24 11:27:42,018 DEBUG CPI(android) immediate n=12 (rows pre-existed)
2026-06-24 11:27:42,028 DEBUG CPI(ios) immediate n=43 (rows pre-existed)
2026-06-24 11:27:42,031 DEBUG CPI(android) immediate n=43 (rows pre-existed)
2026-06-24 11:27:42,095 DEBUG CPI(ios) immediate n=43 (rows pre-existed)
2026-06-24 11:27:42,095 DEBUG CPI(android) immediate n=43 (rows pre-existed)
2026-06-24 11:27:42,237 DEBUG load_saved_scenario COMPLETE name=plan a - no ua, no uplifts
2026-06-24 11:27:42,263 DEBUG _wait_and_show_status START name=plan a - no ua, no uplifts
2026-06-24 11:27:42,363 DEBUG _wait_and_show_status poll timers=[False, False, False, False, False, False]
2026-06-24 11:27:42,367 ERROR _wait_and_show_status failed name=plan a - no ua, no uplifts
Traceback (most recent call last):
  File "/Users/ivanaguilar/Desktop/DataStuff/gitrepos/testrepo/simulator/common_lib/app.py", line 291, in _wait_and_show_status
    panel.resync_header_widgets()
    ~~~~~~~~~~~~~~~~~~~~~~~~~~~^^
  File "/Users/ivanaguilar/Desktop/DataStuff/gitrepos/testrepo/simulator/common_lib/widgets.py", line 1767, in resync_header_widgets
    ap._mode.send_state()
    ^^^^^^^^
AttributeError: 'ActualsRangePanel' object has no attribute '_mode'
2026-06-24 14:23:40,604 DEBUG ScenarioPanel displayed — all panels now live
2026-06-24 14:23:41,682 DEBUG precreate: start ios=12 arpdau=12 ua=24
2026-06-24 14:23:52,417 DEBUG precreate: done ios=100 ios_boost=100 arpdau=100 ua=100
2026-06-24 14:24:05,319 DEBUG load_saved_scenario START name=plan a1 - 2026 ua250k
2026-06-24 14:24:05,328 DEBUG CPI(ios) immediate n=12 (rows pre-existed)
2026-06-24 14:24:05,329 DEBUG CPI(android) immediate n=12 (rows pre-existed)
2026-06-24 14:24:05,338 DEBUG CPI(ios) immediate n=43 (rows pre-existed)
2026-06-24 14:24:05,341 DEBUG CPI(android) immediate n=43 (rows pre-existed)
2026-06-24 14:24:05,403 DEBUG CPI(ios) immediate n=43 (rows pre-existed)
2026-06-24 14:24:05,404 DEBUG CPI(android) immediate n=43 (rows pre-existed)
2026-06-24 14:24:05,572 DEBUG load_saved_scenario COMPLETE name=plan a1 - 2026 ua250k
2026-06-24 14:24:05,581 DEBUG _wait_and_show_status START name=plan a1 - 2026 ua250k
2026-06-24 14:24:05,682 DEBUG _wait_and_show_status poll timers=[False, False, False, False, False, False]
2026-06-24 14:24:05,691 ERROR _wait_and_show_status failed name=plan a1 - 2026 ua250k
Traceback (most recent call last):
  File "/Users/ivanaguilar/Desktop/DataStuff/gitrepos/testrepo/simulator/common_lib/app.py", line 291, in _wait_and_show_status
    panel.resync_header_widgets()
    ~~~~~~~~~~~~~~~~~~~~~~~~~~~^^
  File "/Users/ivanaguilar/Desktop/DataStuff/gitrepos/testrepo/simulator/common_lib/widgets.py", line 1767, in resync_header_widgets
    ap._mode.send_state()
    ^^^^^^^^
AttributeError: 'ActualsRangePanel' object has no attribute '_mode'
2026-06-24 15:08:34,868 DEBUG load_saved_scenario START name=plan a - no ua, no uplifts
2026-06-24 15:08:34,885 DEBUG load_saved_scenario COMPLETE name=plan a - no ua, no uplifts
2026-06-24 15:08:34,887 DEBUG _wait_and_show_status START name=plan a - no ua, no uplifts
2026-06-24 15:08:34,988 DEBUG _wait_and_show_status poll timers=[False, False, False, False, False, False]
2026-06-24 15:08:34,992 ERROR _wait_and_show_status failed name=plan a - no ua, no uplifts
Traceback (most recent call last):
  File "/Users/ivanaguilar/Desktop/DataStuff/gitrepos/testrepo/simulator/common_lib/app.py", line 291, in _wait_and_show_status
    panel.resync_header_widgets()
    ~~~~~~~~~~~~~~~~~~~~~~~~~~~^^
  File "/Users/ivanaguilar/Desktop/DataStuff/gitrepos/testrepo/simulator/common_lib/widgets.py", line 1767, in resync_header_widgets
    ap._mode.send_state()
    ^^^^^^^^
AttributeError: 'ActualsRangePanel' object has no attribute '_mode'
2026-06-30 11:00:45,721 DEBUG ScenarioPanel displayed — all panels now live
2026-06-30 11:00:46,785 DEBUG precreate: start ios=12 arpdau=12 ua=24
2026-06-30 11:00:57,551 DEBUG precreate: done ios=100 ios_boost=100 arpdau=100 ua=100
2026-06-30 11:01:12,920 DEBUG load_saved_scenario START name=plan a - no ua, no uplifts
2026-06-30 11:01:12,925 DEBUG CPI(ios) immediate n=12 (rows pre-existed)
2026-06-30 11:01:12,926 DEBUG CPI(android) immediate n=12 (rows pre-existed)
2026-06-30 11:01:12,933 DEBUG CPI(ios) immediate n=43 (rows pre-existed)
2026-06-30 11:01:12,935 DEBUG CPI(android) immediate n=43 (rows pre-existed)
2026-06-30 11:01:12,991 DEBUG CPI(ios) immediate n=43 (rows pre-existed)
2026-06-30 11:01:12,992 DEBUG CPI(android) immediate n=43 (rows pre-existed)
2026-06-30 11:01:13,223 DEBUG load_saved_scenario COMPLETE name=plan a - no ua, no uplifts
2026-06-30 11:01:13,232 DEBUG _wait_and_show_status START name=plan a - no ua, no uplifts
2026-06-30 11:01:13,333 DEBUG _wait_and_show_status poll timers=[False, False, False, False, False, False]
2026-06-30 11:01:13,337 ERROR _wait_and_show_status failed name=plan a - no ua, no uplifts
Traceback (most recent call last):
  File "/Users/ivanaguilar/Desktop/DataStuff/gitrepos/testrepo/simulator/common_lib/app.py", line 291, in _wait_and_show_status
    panel.resync_header_widgets()
    ~~~~~~~~~~~~~~~~~~~~~~~~~~~^^
  File "/Users/ivanaguilar/Desktop/DataStuff/gitrepos/testrepo/simulator/common_lib/widgets.py", line 1767, in resync_header_widgets
    ap._mode.send_state()
    ^^^^^^^^
AttributeError: 'ActualsRangePanel' object has no attribute '_mode'
2026-06-30 11:24:22,285 DEBUG ScenarioPanel displayed — all panels now live
2026-06-30 11:24:23,342 DEBUG precreate: start ios=12 arpdau=12 ua=24
2026-06-30 11:24:34,115 DEBUG precreate: done ios=100 ios_boost=100 arpdau=100 ua=100
2026-06-30 11:25:27,423 DEBUG load_saved_scenario START name=plan a - no ua, no uplifts
2026-06-30 11:25:27,434 DEBUG CPI(ios) immediate n=12 (rows pre-existed)
2026-06-30 11:25:27,437 DEBUG CPI(android) immediate n=12 (rows pre-existed)
2026-06-30 11:25:27,462 DEBUG CPI(ios) immediate n=43 (rows pre-existed)
2026-06-30 11:25:27,465 DEBUG CPI(android) immediate n=43 (rows pre-existed)
2026-06-30 11:25:27,680 DEBUG CPI(ios) immediate n=43 (rows pre-existed)
2026-06-30 11:25:27,680 DEBUG CPI(android) immediate n=43 (rows pre-existed)
2026-06-30 11:25:27,875 DEBUG load_saved_scenario COMPLETE name=plan a - no ua, no uplifts
2026-06-30 11:25:27,880 DEBUG _wait_and_show_status START name=plan a - no ua, no uplifts
2026-06-30 11:25:27,981 DEBUG _wait_and_show_status poll timers=[False, False, False, False, False, False]
2026-06-30 11:25:28,191 DEBUG _wait_and_show_status DONE name=plan a - no ua, no uplifts
2026-06-30 12:07:26,255 DEBUG ScenarioPanel displayed — all panels now live
2026-06-30 12:07:27,319 DEBUG precreate: start ios=12 arpdau=12 ua=24
2026-06-30 12:07:37,586 DEBUG precreate: done ios=100 ios_boost=100 arpdau=100 ua=100
2026-06-30 12:07:51,584 DEBUG load_saved_scenario START name=plan a - no ua, no uplifts
2026-06-30 12:07:51,590 DEBUG CPI(ios) immediate n=12 (rows pre-existed)
2026-06-30 12:07:51,592 DEBUG CPI(android) immediate n=12 (rows pre-existed)
2026-06-30 12:07:51,610 DEBUG CPI(ios) immediate n=43 (rows pre-existed)
2026-06-30 12:07:51,612 DEBUG CPI(android) immediate n=43 (rows pre-existed)
2026-06-30 12:07:51,828 DEBUG CPI(ios) immediate n=43 (rows pre-existed)
2026-06-30 12:07:51,829 DEBUG CPI(android) immediate n=43 (rows pre-existed)
2026-06-30 12:07:52,030 DEBUG load_saved_scenario COMPLETE name=plan a - no ua, no uplifts
2026-06-30 12:07:52,036 DEBUG _wait_and_show_status START name=plan a - no ua, no uplifts
2026-06-30 12:07:52,137 DEBUG _wait_and_show_status poll timers=[False, False, False, False, False, False]
2026-06-30 12:07:52,345 DEBUG _wait_and_show_status DONE name=plan a - no ua, no uplifts
2026-06-30 12:30:12,884 DEBUG CPI(ios) immediate n=43 (rows pre-existed)
2026-06-30 12:30:12,887 DEBUG CPI(android) immediate n=43 (rows pre-existed)
2026-06-30 12:30:35,364 DEBUG CPI(ios) immediate n=43 (rows pre-existed)
2026-06-30 12:30:35,387 DEBUG CPI(android) immediate n=43 (rows pre-existed)
2026-06-30 13:14:54,636 DEBUG CPI(ios) immediate n=43 (rows pre-existed)
2026-06-30 13:14:54,639 DEBUG CPI(android) immediate n=43 (rows pre-existed)
2026-06-30 13:14:59,766 DEBUG CPI(ios) immediate n=41 (rows pre-existed)
2026-06-30 13:14:59,767 DEBUG CPI(android) immediate n=41 (rows pre-existed)
2026-06-30 13:15:05,825 DEBUG CPI(ios) immediate n=41 (rows pre-existed)
2026-06-30 13:15:05,827 DEBUG CPI(android) immediate n=41 (rows pre-existed)
2026-06-30 13:15:38,578 DEBUG CPI(ios) immediate n=43 (rows pre-existed)
2026-06-30 13:15:38,580 DEBUG CPI(android) immediate n=43 (rows pre-existed)
2026-06-30 13:22:08,404 DEBUG ScenarioPanel displayed — all panels now live
2026-06-30 13:22:09,462 DEBUG precreate: start ios=12 arpdau=12 ua=24
2026-06-30 13:22:20,109 DEBUG precreate: done ios=100 ios_boost=100 arpdau=100 ua=100
2026-06-30 14:13:11,783 DEBUG load_saved_scenario START name=plan a - no ua, no uplifts
2026-06-30 14:13:11,798 DEBUG CPI(ios) immediate n=43 (rows pre-existed)
2026-06-30 14:13:11,802 DEBUG CPI(android) immediate n=43 (rows pre-existed)
2026-06-30 14:13:11,911 DEBUG CPI(ios) immediate n=43 (rows pre-existed)
2026-06-30 14:13:11,912 DEBUG CPI(android) immediate n=43 (rows pre-existed)
2026-06-30 14:13:12,190 DEBUG load_saved_scenario COMPLETE name=plan a - no ua, no uplifts
2026-06-30 14:13:12,193 DEBUG _wait_and_show_status START name=plan a - no ua, no uplifts
2026-06-30 14:13:12,294 DEBUG _wait_and_show_status poll timers=[False, False, False, False, False, False]
2026-06-30 14:13:12,501 DEBUG _wait_and_show_status DONE name=plan a - no ua, no uplifts
2026-06-30 14:13:32,450 DEBUG load_saved_scenario START name=plan a - no ua, yes uplifts
2026-06-30 14:13:32,471 DEBUG load_saved_scenario COMPLETE name=plan a - no ua, yes uplifts
2026-06-30 14:13:32,474 DEBUG _wait_and_show_status START name=plan a - no ua, yes uplifts
2026-06-30 14:13:32,576 DEBUG _wait_and_show_status poll timers=[False, False, False, False, False, False]
2026-06-30 14:13:32,783 DEBUG _wait_and_show_status DONE name=plan a - no ua, yes uplifts
2026-06-30 14:14:38,122 DEBUG load_saved_scenario START name=plan a - no ua, no uplifts
2026-06-30 14:14:38,142 DEBUG load_saved_scenario COMPLETE name=plan a - no ua, no uplifts
2026-06-30 14:14:38,144 DEBUG _wait_and_show_status START name=plan a - no ua, no uplifts
2026-06-30 14:14:38,245 DEBUG _wait_and_show_status poll timers=[False, False, False, False, False, False]
2026-06-30 14:14:38,457 DEBUG _wait_and_show_status DONE name=plan a - no ua, no uplifts
2026-06-30 14:15:01,164 DEBUG load_saved_scenario START name=plan a - no ua, yes uplifts
2026-06-30 14:15:01,184 DEBUG load_saved_scenario COMPLETE name=plan a - no ua, yes uplifts
2026-06-30 14:15:01,186 DEBUG _wait_and_show_status START name=plan a - no ua, yes uplifts
2026-06-30 14:15:01,288 DEBUG _wait_and_show_status poll timers=[False, False, False, False, False, False]
2026-06-30 14:15:01,500 DEBUG _wait_and_show_status DONE name=plan a - no ua, yes uplifts
2026-06-30 14:15:24,067 DEBUG load_saved_scenario START name=plan a - no ua, no uplifts
2026-06-30 14:15:24,083 DEBUG load_saved_scenario COMPLETE name=plan a - no ua, no uplifts
2026-06-30 14:15:24,085 DEBUG _wait_and_show_status START name=plan a - no ua, no uplifts
2026-06-30 14:15:24,186 DEBUG _wait_and_show_status poll timers=[False, False, False, False, False, False]
2026-06-30 14:15:24,397 DEBUG _wait_and_show_status DONE name=plan a - no ua, no uplifts
2026-06-30 14:16:49,303 DEBUG load_saved_scenario START name=plan a - no ua, yes uplifts
2026-06-30 14:16:49,327 DEBUG load_saved_scenario COMPLETE name=plan a - no ua, yes uplifts
2026-06-30 14:16:49,331 DEBUG _wait_and_show_status START name=plan a - no ua, yes uplifts
2026-06-30 14:16:49,432 DEBUG _wait_and_show_status poll timers=[False, False, False, False, False, False]
2026-06-30 14:16:49,643 DEBUG _wait_and_show_status DONE name=plan a - no ua, yes uplifts
2026-06-30 14:25:01,611 DEBUG load_saved_scenario START name=plan a - no ua, no uplifts
2026-06-30 14:25:01,686 DEBUG load_saved_scenario COMPLETE name=plan a - no ua, no uplifts
2026-06-30 14:25:01,699 DEBUG _wait_and_show_status START name=plan a - no ua, no uplifts
2026-06-30 14:25:01,818 DEBUG _wait_and_show_status poll timers=[False, False, False, False, False, False]
2026-06-30 14:25:02,042 DEBUG _wait_and_show_status DONE name=plan a - no ua, no uplifts
2026-06-30 14:25:54,673 DEBUG CPI(ios) immediate n=43 (rows pre-existed)
2026-06-30 14:25:54,675 DEBUG CPI(android) immediate n=43 (rows pre-existed)
2026-06-30 14:27:24,526 DEBUG CPI(ios) immediate n=43 (rows pre-existed)
2026-06-30 14:27:24,535 DEBUG CPI(android) immediate n=43 (rows pre-existed)
2026-06-30 14:38:52,300 DEBUG CPI(ios) immediate n=43 (rows pre-existed)
2026-06-30 14:38:52,301 DEBUG CPI(android) immediate n=43 (rows pre-existed)
2026-06-30 14:40:41,786 DEBUG load_saved_scenario START name=plan a - no ua, no uplifts
2026-06-30 14:40:41,803 DEBUG CPI(ios) immediate n=43 (rows pre-existed)
2026-06-30 14:40:41,804 DEBUG CPI(android) immediate n=43 (rows pre-existed)
2026-06-30 14:40:41,852 DEBUG load_saved_scenario COMPLETE name=plan a - no ua, no uplifts
2026-06-30 14:40:41,859 DEBUG _wait_and_show_status START name=plan a - no ua, no uplifts
2026-06-30 14:40:41,965 DEBUG _wait_and_show_status poll timers=[False, False, False, False, False, False]
2026-06-30 14:40:42,183 DEBUG _wait_and_show_status DONE name=plan a - no ua, no uplifts
2026-06-30 14:40:49,576 DEBUG CPI(ios) immediate n=43 (rows pre-existed)
2026-06-30 14:40:49,577 DEBUG CPI(android) immediate n=43 (rows pre-existed)
2026-06-30 14:44:28,530 DEBUG ScenarioPanel displayed — all panels now live
2026-06-30 14:44:29,586 DEBUG precreate: start ios=12 arpdau=12 ua=24
2026-06-30 14:44:40,305 DEBUG precreate: done ios=100 ios_boost=100 arpdau=100 ua=100
2026-06-30 14:44:53,975 DEBUG load_saved_scenario START name=plan a - no ua, no uplifts
2026-06-30 14:44:53,985 DEBUG CPI(ios) immediate n=12 (rows pre-existed)
2026-06-30 14:44:53,988 DEBUG CPI(android) immediate n=12 (rows pre-existed)
2026-06-30 14:44:54,012 DEBUG CPI(ios) immediate n=43 (rows pre-existed)
2026-06-30 14:44:54,014 DEBUG CPI(android) immediate n=43 (rows pre-existed)
2026-06-30 14:44:54,189 DEBUG CPI(ios) immediate n=43 (rows pre-existed)
2026-06-30 14:44:54,190 DEBUG CPI(android) immediate n=43 (rows pre-existed)
2026-06-30 14:44:54,370 DEBUG load_saved_scenario COMPLETE name=plan a - no ua, no uplifts
2026-06-30 14:44:54,380 DEBUG _wait_and_show_status START name=plan a - no ua, no uplifts
2026-06-30 14:44:54,481 DEBUG _wait_and_show_status poll timers=[False, False, False, False, False, False]
2026-06-30 14:44:54,690 DEBUG _wait_and_show_status DONE name=plan a - no ua, no uplifts
2026-06-30 14:48:48,086 DEBUG CPI(ios) immediate n=43 (rows pre-existed)
2026-06-30 14:48:48,102 DEBUG CPI(android) immediate n=43 (rows pre-existed)
2026-06-30 14:49:39,576 DEBUG CPI(ios) immediate n=43 (rows pre-existed)
2026-06-30 14:49:39,580 DEBUG CPI(android) immediate n=43 (rows pre-existed)
2026-06-30 14:50:53,682 DEBUG load_saved_scenario START name=plan a - no ua, yes uplifts
2026-06-30 14:50:53,695 DEBUG CPI(ios) immediate n=43 (rows pre-existed)
2026-06-30 14:50:53,700 DEBUG CPI(android) immediate n=43 (rows pre-existed)
2026-06-30 14:50:53,780 DEBUG CPI(ios) immediate n=43 (rows pre-existed)
2026-06-30 14:50:53,780 DEBUG CPI(android) immediate n=43 (rows pre-existed)
2026-06-30 14:50:53,942 DEBUG load_saved_scenario COMPLETE name=plan a - no ua, yes uplifts
2026-06-30 14:50:53,944 DEBUG _wait_and_show_status START name=plan a - no ua, yes uplifts
2026-06-30 14:50:54,045 DEBUG _wait_and_show_status poll timers=[False, False, False, False, False, False]
2026-06-30 14:50:54,253 DEBUG _wait_and_show_status DONE name=plan a - no ua, yes uplifts
2026-06-30 14:51:03,541 DEBUG load_saved_scenario START name=plan a - no ua, no uplifts
2026-06-30 14:51:03,552 DEBUG CPI(ios) immediate n=43 (rows pre-existed)
2026-06-30 14:51:03,555 DEBUG CPI(android) immediate n=43 (rows pre-existed)
2026-06-30 14:51:03,611 DEBUG CPI(ios) immediate n=43 (rows pre-existed)
2026-06-30 14:51:03,611 DEBUG CPI(android) immediate n=43 (rows pre-existed)
2026-06-30 14:51:03,642 DEBUG load_saved_scenario COMPLETE name=plan a - no ua, no uplifts
2026-06-30 14:51:03,658 DEBUG _wait_and_show_status START name=plan a - no ua, no uplifts
2026-06-30 14:51:03,759 DEBUG _wait_and_show_status poll timers=[False, False, False, False, False, False]
2026-06-30 14:51:03,984 DEBUG _wait_and_show_status DONE name=plan a - no ua, no uplifts
2026-06-30 14:51:21,654 DEBUG load_saved_scenario START name=plan a - no ua, yes uplifts
2026-06-30 14:51:21,663 DEBUG CPI(ios) immediate n=43 (rows pre-existed)
2026-06-30 14:51:21,667 DEBUG CPI(android) immediate n=43 (rows pre-existed)
2026-06-30 14:51:21,725 DEBUG CPI(ios) immediate n=43 (rows pre-existed)
2026-06-30 14:51:21,725 DEBUG CPI(android) immediate n=43 (rows pre-existed)
2026-06-30 14:51:21,781 DEBUG load_saved_scenario COMPLETE name=plan a - no ua, yes uplifts
2026-06-30 14:51:21,783 DEBUG _wait_and_show_status START name=plan a - no ua, yes uplifts
2026-06-30 14:51:21,885 DEBUG _wait_and_show_status poll timers=[False, False, False, False, False, False]
2026-06-30 14:51:22,094 DEBUG _wait_and_show_status DONE name=plan a - no ua, yes uplifts
2026-06-30 14:53:32,880 DEBUG load_saved_scenario START name=plan a - no ua, no uplifts
2026-06-30 14:53:32,890 DEBUG CPI(ios) immediate n=43 (rows pre-existed)
2026-06-30 14:53:32,894 DEBUG CPI(android) immediate n=43 (rows pre-existed)
2026-06-30 14:53:32,949 DEBUG CPI(ios) immediate n=43 (rows pre-existed)
2026-06-30 14:53:32,949 DEBUG CPI(android) immediate n=43 (rows pre-existed)
2026-06-30 14:53:32,984 DEBUG load_saved_scenario COMPLETE name=plan a - no ua, no uplifts
2026-06-30 14:53:32,999 DEBUG _wait_and_show_status START name=plan a - no ua, no uplifts
2026-06-30 14:53:33,099 DEBUG _wait_and_show_status poll timers=[False, False, False, False, False, False]
2026-06-30 14:53:33,313 DEBUG _wait_and_show_status DONE name=plan a - no ua, no uplifts
2026-06-30 16:01:36,945 DEBUG ScenarioPanel displayed — all panels now live
2026-06-30 16:01:38,017 DEBUG precreate: start ios=12 arpdau=24 ua=24
2026-06-30 16:01:48,687 DEBUG precreate: done ios=100 ios_boost=100 arpdau=100 ua=100
2026-06-30 16:06:28,922 DEBUG load_saved_scenario START name=plan a - no ua, no uplifts
2026-06-30 16:06:28,933 DEBUG CPI(ios) immediate n=12 (rows pre-existed)
2026-06-30 16:06:28,935 DEBUG CPI(android) immediate n=12 (rows pre-existed)
2026-06-30 16:06:28,963 DEBUG CPI(ios) immediate n=43 (rows pre-existed)
2026-06-30 16:06:28,965 DEBUG CPI(android) immediate n=43 (rows pre-existed)
2026-06-30 16:06:29,148 DEBUG CPI(ios) immediate n=43 (rows pre-existed)
2026-06-30 16:06:29,148 DEBUG CPI(android) immediate n=43 (rows pre-existed)
2026-06-30 16:06:29,317 DEBUG load_saved_scenario COMPLETE name=plan a - no ua, no uplifts
2026-06-30 16:06:29,349 DEBUG _wait_and_show_status START name=plan a - no ua, no uplifts
2026-06-30 16:06:29,451 DEBUG _wait_and_show_status poll timers=[False, False, False, False, False, False]
2026-06-30 16:06:29,659 DEBUG _wait_and_show_status DONE name=plan a - no ua, no uplifts
2026-06-30 16:13:09,013 DEBUG ScenarioPanel displayed — all panels now live
2026-06-30 16:13:10,085 DEBUG precreate: start ios=12 arpdau=24 ua=24
2026-06-30 16:13:20,783 DEBUG precreate: done ios=100 ios_boost=100 arpdau=100 ua=100
2026-06-30 16:14:14,926 DEBUG load_saved_scenario START name=plan a - no ua, no uplifts
2026-06-30 16:14:14,932 DEBUG CPI(ios) immediate n=12 (rows pre-existed)
2026-06-30 16:14:14,933 DEBUG CPI(android) immediate n=12 (rows pre-existed)
2026-06-30 16:14:14,948 DEBUG CPI(ios) immediate n=43 (rows pre-existed)
2026-06-30 16:14:14,949 DEBUG CPI(android) immediate n=43 (rows pre-existed)
2026-06-30 16:14:15,106 DEBUG CPI(ios) immediate n=43 (rows pre-existed)
2026-06-30 16:14:15,106 DEBUG CPI(android) immediate n=43 (rows pre-existed)
2026-06-30 16:14:15,343 DEBUG load_saved_scenario COMPLETE name=plan a - no ua, no uplifts
2026-06-30 16:14:15,353 DEBUG _wait_and_show_status START name=plan a - no ua, no uplifts
2026-06-30 16:14:15,455 DEBUG _wait_and_show_status poll timers=[False, False, False, False, False, False]
2026-06-30 16:14:15,666 DEBUG _wait_and_show_status DONE name=plan a - no ua, no uplifts
2026-06-30 16:17:21,096 DEBUG CPI(ios) immediate n=43 (rows pre-existed)
2026-06-30 16:17:21,099 DEBUG CPI(android) immediate n=43 (rows pre-existed)
2026-06-30 16:17:34,939 DEBUG CPI(ios) immediate n=43 (rows pre-existed)
2026-06-30 16:17:34,941 DEBUG CPI(android) immediate n=43 (rows pre-existed)
2026-06-30 16:17:37,654 DEBUG CPI(ios) immediate n=42 (rows pre-existed)
2026-06-30 16:17:37,655 DEBUG CPI(android) immediate n=42 (rows pre-existed)
2026-06-30 16:19:39,283 DEBUG load_saved_scenario START name=plan a - no ua, no uplifts
2026-06-30 16:19:39,336 DEBUG load_saved_scenario COMPLETE name=plan a - no ua, no uplifts
2026-06-30 16:19:39,346 DEBUG _wait_and_show_status START name=plan a - no ua, no uplifts
2026-06-30 16:19:39,448 DEBUG _wait_and_show_status poll timers=[False, False, False, False, False, False]
2026-06-30 16:19:39,672 DEBUG _wait_and_show_status DONE name=plan a - no ua, no uplifts
2026-06-30 16:41:56,149 DEBUG ScenarioPanel displayed — all panels now live
2026-06-30 16:41:57,239 DEBUG precreate: start ios=12 arpdau=24 ua=24
2026-06-30 16:42:07,910 DEBUG precreate: done ios=100 ios_boost=100 arpdau=100 ua=100
2026-06-30 16:42:31,357 DEBUG load_saved_scenario START name=plan a - no ua, no uplifts
2026-06-30 16:42:31,363 DEBUG CPI(ios) immediate n=12 (rows pre-existed)
2026-06-30 16:42:31,364 DEBUG CPI(android) immediate n=12 (rows pre-existed)
2026-06-30 16:42:31,386 DEBUG CPI(ios) immediate n=42 (rows pre-existed)
2026-06-30 16:42:31,388 DEBUG CPI(android) immediate n=42 (rows pre-existed)
2026-06-30 16:42:31,584 DEBUG CPI(ios) immediate n=42 (rows pre-existed)
2026-06-30 16:42:31,585 DEBUG CPI(android) immediate n=42 (rows pre-existed)
2026-06-30 16:42:31,887 DEBUG load_saved_scenario COMPLETE name=plan a - no ua, no uplifts
2026-06-30 16:42:31,889 DEBUG _wait_and_show_status START name=plan a - no ua, no uplifts
2026-06-30 16:42:31,990 DEBUG _wait_and_show_status poll timers=[False, False, False, False, False, False]
2026-06-30 16:42:32,200 DEBUG _wait_and_show_status DONE name=plan a - no ua, no uplifts
2026-06-30 16:47:08,499 DEBUG load_saved_scenario START name=plan a - no ua, yes uplifts
2026-06-30 16:47:08,547 DEBUG load_saved_scenario COMPLETE name=plan a - no ua, yes uplifts
2026-06-30 16:47:08,557 DEBUG _wait_and_show_status START name=plan a - no ua, yes uplifts
2026-06-30 16:47:08,658 DEBUG _wait_and_show_status poll timers=[False, False, False, False, False, False]
2026-06-30 16:47:08,867 DEBUG _wait_and_show_status DONE name=plan a - no ua, yes uplifts
2026-06-30 16:47:30,306 DEBUG load_saved_scenario START name=plan a - no ua, no uplifts
2026-06-30 16:47:30,326 DEBUG load_saved_scenario COMPLETE name=plan a - no ua, no uplifts
2026-06-30 16:47:30,329 DEBUG _wait_and_show_status START name=plan a - no ua, no uplifts
2026-06-30 16:47:30,430 DEBUG _wait_and_show_status poll timers=[False, False, False, False, False, False]
2026-06-30 16:47:30,641 DEBUG _wait_and_show_status DONE name=plan a - no ua, no uplifts
2026-06-30 16:48:03,719 DEBUG load_saved_scenario START name=plan a - no ua, yes uplifts
2026-06-30 16:48:03,741 DEBUG load_saved_scenario COMPLETE name=plan a - no ua, yes uplifts
2026-06-30 16:48:03,743 DEBUG _wait_and_show_status START name=plan a - no ua, yes uplifts
2026-06-30 16:48:03,844 DEBUG _wait_and_show_status poll timers=[False, False, False, False, False, False]
2026-06-30 16:48:04,057 DEBUG _wait_and_show_status DONE name=plan a - no ua, yes uplifts
2026-06-30 16:48:15,902 DEBUG load_saved_scenario START name=plan a - no ua, no uplifts
2026-06-30 16:48:15,924 DEBUG load_saved_scenario COMPLETE name=plan a - no ua, no uplifts
2026-06-30 16:48:15,927 DEBUG _wait_and_show_status START name=plan a - no ua, no uplifts
2026-06-30 16:48:16,028 DEBUG _wait_and_show_status poll timers=[False, False, False, False, False, False]
2026-06-30 16:48:16,238 DEBUG _wait_and_show_status DONE name=plan a - no ua, no uplifts
2026-06-30 16:48:35,287 DEBUG load_saved_scenario START name=plan a - no ua, yes uplifts
2026-06-30 16:48:35,310 DEBUG load_saved_scenario COMPLETE name=plan a - no ua, yes uplifts
2026-06-30 16:48:35,313 DEBUG _wait_and_show_status START name=plan a - no ua, yes uplifts
2026-06-30 16:48:35,414 DEBUG _wait_and_show_status poll timers=[False, False, False, False, False, False]
2026-06-30 16:48:35,628 DEBUG _wait_and_show_status DONE name=plan a - no ua, yes uplifts
2026-06-30 16:55:46,225 DEBUG load_saved_scenario START name=plan a - no ua, no uplifts
2026-06-30 16:55:46,296 DEBUG load_saved_scenario COMPLETE name=plan a - no ua, no uplifts
2026-06-30 16:55:46,306 DEBUG _wait_and_show_status START name=plan a - no ua, no uplifts
2026-06-30 16:55:46,408 DEBUG _wait_and_show_status poll timers=[False, False, False, False, False, False]
2026-06-30 16:55:46,640 DEBUG _wait_and_show_status DONE name=plan a - no ua, no uplifts
2026-06-30 17:01:08,486 DEBUG load_saved_scenario START name=plan a - no ua, yes uplifts
2026-06-30 17:01:08,503 DEBUG load_saved_scenario COMPLETE name=plan a - no ua, yes uplifts
2026-06-30 17:01:08,503 DEBUG _wait_and_show_status START name=plan a - no ua, yes uplifts
2026-06-30 17:01:08,605 DEBUG _wait_and_show_status poll timers=[False, False, False, False, False, False]
2026-06-30 17:01:08,828 DEBUG _wait_and_show_status DONE name=plan a - no ua, yes uplifts
2026-06-30 17:01:19,359 DEBUG load_saved_scenario START name=plan a - no ua, no uplifts
2026-06-30 17:01:19,379 DEBUG load_saved_scenario COMPLETE name=plan a - no ua, no uplifts
2026-06-30 17:01:19,381 DEBUG _wait_and_show_status START name=plan a - no ua, no uplifts
2026-06-30 17:01:19,482 DEBUG _wait_and_show_status poll timers=[False, False, False, False, False, False]
2026-06-30 17:01:19,695 DEBUG _wait_and_show_status DONE name=plan a - no ua, no uplifts
2026-06-30 17:44:34,752 DEBUG ScenarioPanel displayed — all panels now live
2026-06-30 17:44:35,821 DEBUG precreate: start ios=12 arpdau=24 ua=24
2026-06-30 17:44:46,482 DEBUG precreate: done ios=100 ios_boost=100 arpdau=100 ua=100
2026-06-30 17:54:29,695 DEBUG load_saved_scenario START name=plan a - no ua, no uplifts
2026-06-30 17:54:29,708 DEBUG CPI(ios) immediate n=12 (rows pre-existed)
2026-06-30 17:54:29,710 DEBUG CPI(android) immediate n=12 (rows pre-existed)
2026-06-30 17:54:29,735 DEBUG CPI(ios) immediate n=42 (rows pre-existed)
2026-06-30 17:54:29,738 DEBUG CPI(android) immediate n=42 (rows pre-existed)
2026-06-30 17:54:29,885 DEBUG CPI(ios) immediate n=42 (rows pre-existed)
2026-06-30 17:54:29,885 DEBUG CPI(android) immediate n=42 (rows pre-existed)
2026-06-30 17:54:30,159 DEBUG load_saved_scenario COMPLETE name=plan a - no ua, no uplifts
2026-06-30 17:54:30,160 DEBUG _wait_and_show_status START name=plan a - no ua, no uplifts
2026-06-30 17:54:30,260 DEBUG _wait_and_show_status poll timers=[False, False, False, False, False, False]
2026-06-30 17:54:30,470 DEBUG _wait_and_show_status DONE name=plan a - no ua, no uplifts
2026-06-30 18:05:54,228 DEBUG ScenarioPanel displayed — all panels now live
2026-06-30 18:05:55,303 DEBUG precreate: start ios=12 arpdau=24 ua=24
2026-06-30 18:06:05,995 DEBUG precreate: done ios=100 ios_boost=100 arpdau=100 ua=100
2026-06-30 18:10:22,936 DEBUG ScenarioPanel displayed — all panels now live
2026-06-30 18:10:24,009 DEBUG precreate: start ios=12 arpdau=24 ua=24
2026-06-30 18:10:34,589 DEBUG precreate: done ios=100 ios_boost=100 arpdau=100 ua=100
2026-06-30 18:11:43,231 DEBUG ScenarioPanel displayed — all panels now live
2026-06-30 18:11:44,309 DEBUG precreate: start ios=12 arpdau=24 ua=24
2026-06-30 18:11:54,905 DEBUG precreate: done ios=100 ios_boost=100 arpdau=100 ua=100
2026-06-30 18:14:50,644 DEBUG load_saved_scenario START name=plan a - no ua, no uplifts
2026-06-30 18:14:50,654 DEBUG CPI(ios) immediate n=12 (rows pre-existed)
2026-06-30 18:14:50,655 DEBUG CPI(android) immediate n=12 (rows pre-existed)
2026-06-30 18:14:50,677 DEBUG CPI(ios) immediate n=42 (rows pre-existed)
2026-06-30 18:14:50,679 DEBUG CPI(android) immediate n=42 (rows pre-existed)
2026-06-30 18:14:50,837 DEBUG CPI(ios) immediate n=42 (rows pre-existed)
2026-06-30 18:14:50,838 DEBUG CPI(android) immediate n=42 (rows pre-existed)
2026-06-30 18:14:51,187 DEBUG load_saved_scenario COMPLETE name=plan a - no ua, no uplifts
2026-06-30 18:14:51,188 DEBUG _wait_and_show_status START name=plan a - no ua, no uplifts
2026-06-30 18:14:51,289 DEBUG _wait_and_show_status poll timers=[False, False, False, False, False, False]
2026-06-30 18:14:51,497 DEBUG _wait_and_show_status DONE name=plan a - no ua, no uplifts
2026-06-30 18:20:37,304 DEBUG ScenarioPanel displayed — all panels now live
2026-06-30 18:20:38,391 DEBUG precreate: start ios=12 arpdau=24 ua=24
2026-06-30 18:20:48,995 DEBUG precreate: done ios=100 ios_boost=100 arpdau=100 ua=100
2026-06-30 18:36:09,226 DEBUG ScenarioPanel displayed — all panels now live
2026-06-30 18:36:10,316 DEBUG precreate: start ios=12 arpdau=24 ua=24
2026-06-30 18:36:21,008 DEBUG precreate: done ios=100 ios_boost=100 arpdau=100 ua=100
2026-06-30 18:41:52,591 DEBUG ScenarioPanel displayed — all panels now live
2026-06-30 18:41:53,659 DEBUG precreate: start ios=12 arpdau=24 ua=24
2026-06-30 18:42:05,050 DEBUG precreate: done ios=100 ios_boost=100 arpdau=100 ua=100
2026-06-30 18:58:51,558 DEBUG ScenarioPanel displayed — all panels now live
2026-06-30 18:58:52,659 DEBUG precreate: start ios=12 arpdau=24 ua=24
2026-06-30 18:59:03,404 DEBUG precreate: done ios=100 ios_boost=100 arpdau=100 ua=100
2026-06-30 19:09:15,610 DEBUG ScenarioPanel displayed — all panels now live
2026-06-30 19:09:16,677 DEBUG precreate: start ios=12 arpdau=24 ua=24
2026-06-30 19:09:27,299 DEBUG precreate: done ios=100 ios_boost=100 arpdau=100 ua=100
2026-06-30 19:10:55,938 DEBUG load_saved_scenario START name=plan a - no ua, no uplifts
2026-06-30 19:10:55,950 DEBUG CPI(ios) immediate n=12 (rows pre-existed)
2026-06-30 19:10:55,952 DEBUG CPI(android) immediate n=12 (rows pre-existed)
2026-06-30 19:10:55,979 DEBUG CPI(ios) immediate n=42 (rows pre-existed)
2026-06-30 19:10:55,982 DEBUG CPI(android) immediate n=42 (rows pre-existed)
2026-06-30 19:10:56,130 DEBUG CPI(ios) immediate n=42 (rows pre-existed)
2026-06-30 19:10:56,130 DEBUG CPI(android) immediate n=42 (rows pre-existed)
2026-06-30 19:10:56,453 DEBUG load_saved_scenario COMPLETE name=plan a - no ua, no uplifts
2026-06-30 19:10:56,454 DEBUG _wait_and_show_status START name=plan a - no ua, no uplifts
2026-06-30 19:10:56,555 DEBUG _wait_and_show_status poll timers=[False, False, False, False, False, False]
2026-06-30 19:10:56,764 DEBUG _wait_and_show_status DONE name=plan a - no ua, no uplifts
2026-06-30 19:23:20,925 DEBUG load_saved_scenario START name=plan a - 1m 2026q3, yes uplifts
2026-06-30 19:23:20,959 DEBUG load_saved_scenario COMPLETE name=plan a - 1m 2026q3, yes uplifts
2026-06-30 19:23:20,962 DEBUG _wait_and_show_status START name=plan a - 1m 2026q3, yes uplifts
2026-06-30 19:23:21,063 DEBUG _wait_and_show_status poll timers=[False, False, False, False, False, False]
2026-06-30 19:23:21,278 DEBUG _wait_and_show_status DONE name=plan a - 1m 2026q3, yes uplifts
2026-06-30 19:24:06,318 DEBUG load_saved_scenario START name=plan a - no ua, no uplifts
2026-06-30 19:24:06,351 DEBUG load_saved_scenario COMPLETE name=plan a - no ua, no uplifts
2026-06-30 19:24:06,353 DEBUG _wait_and_show_status START name=plan a - no ua, no uplifts
2026-06-30 19:24:06,455 DEBUG _wait_and_show_status poll timers=[False, False, False, False, False, False]
2026-06-30 19:24:06,664 DEBUG _wait_and_show_status DONE name=plan a - no ua, no uplifts
2026-06-30 19:24:25,442 DEBUG load_saved_scenario START name=plan a - 1m 2026q3, yes uplifts
2026-06-30 19:24:25,464 DEBUG load_saved_scenario COMPLETE name=plan a - 1m 2026q3, yes uplifts
2026-06-30 19:24:25,467 DEBUG _wait_and_show_status START name=plan a - 1m 2026q3, yes uplifts
2026-06-30 19:24:25,569 DEBUG _wait_and_show_status poll timers=[False, False, False, False, False, False]
2026-06-30 19:24:25,782 DEBUG _wait_and_show_status DONE name=plan a - 1m 2026q3, yes uplifts
2026-07-01 13:12:23,930 DEBUG ScenarioPanel displayed — all panels now live
2026-07-01 13:12:25,180 DEBUG precreate: start ios=12 arpdau=24 ua=24
2026-07-01 13:12:33,795 DEBUG load_saved_scenario START name=plan a - no ua, no uplifts
2026-07-01 13:12:33,799 DEBUG CPI(ios) immediate n=42 (rows pre-existed)
2026-07-01 13:12:33,801 DEBUG CPI(android) immediate n=42 (rows pre-existed)
2026-07-01 13:12:33,957 DEBUG CPI(ios) immediate n=42 (rows pre-existed)
2026-07-01 13:12:33,957 DEBUG CPI(android) immediate n=42 (rows pre-existed)
2026-07-01 13:12:34,100 DEBUG load_saved_scenario COMPLETE name=plan a - no ua, no uplifts
2026-07-01 13:12:34,106 DEBUG _wait_and_show_status START name=plan a - no ua, no uplifts
2026-07-01 13:12:34,206 DEBUG _wait_and_show_status poll timers=[False, False, False, False, False, False]
2026-07-01 13:12:34,414 DEBUG _wait_and_show_status DONE name=plan a - no ua, no uplifts
2026-07-01 13:12:35,370 DEBUG precreate: done ios=100 ios_boost=100 arpdau=100 ua=100
2026-07-01 13:13:24,691 DEBUG load_saved_scenario START name=plan a - 1m 2026q3, yes uplifts. org uplifts
2026-07-01 13:13:24,719 DEBUG load_saved_scenario COMPLETE name=plan a - 1m 2026q3, yes uplifts. org uplifts
2026-07-01 13:13:24,721 DEBUG _wait_and_show_status START name=plan a - 1m 2026q3, yes uplifts. org uplifts
2026-07-01 13:13:24,823 DEBUG _wait_and_show_status poll timers=[False, False, False, False, False, False]
2026-07-01 13:13:25,030 DEBUG _wait_and_show_status DONE name=plan a - 1m 2026q3, yes uplifts. org uplifts
2026-07-01 13:13:52,076 DEBUG load_saved_scenario START name=plan a - 1m 2026q3, yes uplifts
2026-07-01 13:13:52,090 DEBUG load_saved_scenario COMPLETE name=plan a - 1m 2026q3, yes uplifts
2026-07-01 13:13:52,091 DEBUG _wait_and_show_status START name=plan a - 1m 2026q3, yes uplifts
2026-07-01 13:13:52,193 DEBUG _wait_and_show_status poll timers=[False, False, False, False, False, False]
2026-07-01 13:13:52,411 DEBUG _wait_and_show_status DONE name=plan a - 1m 2026q3, yes uplifts
2026-07-01 13:15:07,769 DEBUG load_saved_scenario START name=plan a - no ua, no uplifts
2026-07-01 13:15:07,798 DEBUG load_saved_scenario COMPLETE name=plan a - no ua, no uplifts
2026-07-01 13:15:07,799 DEBUG _wait_and_show_status START name=plan a - no ua, no uplifts
2026-07-01 13:15:07,901 DEBUG _wait_and_show_status poll timers=[False, False, False, False, False, False]
2026-07-01 13:15:08,117 DEBUG _wait_and_show_status DONE name=plan a - no ua, no uplifts
2026-07-01 13:16:55,586 DEBUG ScenarioPanel displayed — all panels now live
2026-07-01 13:16:56,696 DEBUG precreate: start ios=12 arpdau=24 ua=24
2026-07-01 13:17:06,856 DEBUG precreate: done ios=100 ios_boost=100 arpdau=100 ua=100
2026-07-01 13:17:27,431 DEBUG ScenarioPanel displayed — all panels now live
2026-07-01 13:17:28,712 DEBUG precreate: start ios=12 arpdau=24 ua=24
2026-07-01 13:17:37,983 DEBUG load_saved_scenario START name=plan a - no ua, no uplifts
2026-07-01 13:17:37,998 DEBUG CPI(ios) immediate n=42 (rows pre-existed)
2026-07-01 13:17:38,004 DEBUG CPI(android) immediate n=42 (rows pre-existed)
2026-07-01 13:17:38,154 DEBUG CPI(ios) immediate n=42 (rows pre-existed)
2026-07-01 13:17:38,155 DEBUG CPI(android) immediate n=42 (rows pre-existed)
2026-07-01 13:17:38,304 DEBUG load_saved_scenario COMPLETE name=plan a - no ua, no uplifts
2026-07-01 13:17:38,314 DEBUG _wait_and_show_status START name=plan a - no ua, no uplifts
2026-07-01 13:17:38,414 DEBUG _wait_and_show_status poll timers=[False, False, False, False, False, False]
2026-07-01 13:17:38,621 DEBUG _wait_and_show_status DONE name=plan a - no ua, no uplifts
2026-07-01 13:17:39,145 DEBUG precreate: done ios=100 ios_boost=100 arpdau=100 ua=100
2026-07-01 13:18:29,637 DEBUG load_saved_scenario START name=plan a - 1m 2026q3, yes uplifts
2026-07-01 13:18:29,663 DEBUG load_saved_scenario COMPLETE name=plan a - 1m 2026q3, yes uplifts
2026-07-01 13:18:29,665 DEBUG _wait_and_show_status START name=plan a - 1m 2026q3, yes uplifts
2026-07-01 13:18:29,766 DEBUG _wait_and_show_status poll timers=[False, False, False, False, False, False]
2026-07-01 13:18:29,974 DEBUG _wait_and_show_status DONE name=plan a - 1m 2026q3, yes uplifts
2026-07-01 13:18:45,368 DEBUG load_saved_scenario START name=plan a - 1m 2026q3, yes uplifts. org uplifts
2026-07-01 13:18:45,386 DEBUG load_saved_scenario COMPLETE name=plan a - 1m 2026q3, yes uplifts. org uplifts
2026-07-01 13:18:45,387 DEBUG _wait_and_show_status START name=plan a - 1m 2026q3, yes uplifts. org uplifts
2026-07-01 13:18:45,487 DEBUG _wait_and_show_status poll timers=[False, False, False, False, False, False]
2026-07-01 13:18:45,705 DEBUG _wait_and_show_status DONE name=plan a - 1m 2026q3, yes uplifts. org uplifts
2026-07-01 13:28:50,344 DEBUG load_saved_scenario START name=plan a - no ua, no uplifts
2026-07-01 13:28:50,379 DEBUG load_saved_scenario COMPLETE name=plan a - no ua, no uplifts
2026-07-01 13:28:50,382 DEBUG _wait_and_show_status START name=plan a - no ua, no uplifts
2026-07-01 13:28:50,483 DEBUG _wait_and_show_status poll timers=[False, False, False, False, False, False]
2026-07-01 13:28:50,698 DEBUG _wait_and_show_status DONE name=plan a - no ua, no uplifts
2026-07-01 13:31:27,810 DEBUG load_saved_scenario START name=plan a - no ua, no uplifts
2026-07-01 13:31:27,827 DEBUG load_saved_scenario COMPLETE name=plan a - no ua, no uplifts
2026-07-01 13:31:27,829 DEBUG _wait_and_show_status START name=plan a - no ua, no uplifts
2026-07-01 13:31:27,930 DEBUG _wait_and_show_status poll timers=[False, False, False, False, False, False]
2026-07-01 13:31:28,155 DEBUG _wait_and_show_status DONE name=plan a - no ua, no uplifts
2026-07-01 13:35:13,446 DEBUG load_saved_scenario START name=plan a - 1m 2026q3, yes uplifts
2026-07-01 13:35:13,476 DEBUG load_saved_scenario COMPLETE name=plan a - 1m 2026q3, yes uplifts
2026-07-01 13:35:13,479 DEBUG _wait_and_show_status START name=plan a - 1m 2026q3, yes uplifts
2026-07-01 13:35:13,580 DEBUG _wait_and_show_status poll timers=[False, False, False, False, False, False]
2026-07-01 13:35:13,792 DEBUG _wait_and_show_status DONE name=plan a - 1m 2026q3, yes uplifts
2026-07-01 13:36:38,260 DEBUG load_saved_scenario START name=plan a - 1m 2026q3, yes uplifts. org uplifts
2026-07-01 13:36:38,283 DEBUG load_saved_scenario COMPLETE name=plan a - 1m 2026q3, yes uplifts. org uplifts
2026-07-01 13:36:38,285 DEBUG _wait_and_show_status START name=plan a - 1m 2026q3, yes uplifts. org uplifts
2026-07-01 13:36:38,386 DEBUG _wait_and_show_status poll timers=[False, False, False, False, False, False]
2026-07-01 13:36:38,607 DEBUG _wait_and_show_status DONE name=plan a - 1m 2026q3, yes uplifts. org uplifts
2026-07-01 13:39:56,982 DEBUG load_saved_scenario START name=plan a - 1m 2026q3, yes uplifts
2026-07-01 13:39:57,000 DEBUG load_saved_scenario COMPLETE name=plan a - 1m 2026q3, yes uplifts
2026-07-01 13:39:57,002 DEBUG _wait_and_show_status START name=plan a - 1m 2026q3, yes uplifts
2026-07-01 13:39:57,102 DEBUG _wait_and_show_status poll timers=[False, False, False, False, False, False]
2026-07-01 13:39:57,323 DEBUG _wait_and_show_status DONE name=plan a - 1m 2026q3, yes uplifts
2026-07-01 13:42:20,999 DEBUG load_saved_scenario START name=plan a - 1m 2026q3, yes uplifts. org uplifts
2026-07-01 13:42:21,017 DEBUG load_saved_scenario COMPLETE name=plan a - 1m 2026q3, yes uplifts. org uplifts
2026-07-01 13:42:21,019 DEBUG _wait_and_show_status START name=plan a - 1m 2026q3, yes uplifts. org uplifts
2026-07-01 13:42:21,123 DEBUG _wait_and_show_status poll timers=[False, False, False, False, False, False]
2026-07-01 13:42:21,353 DEBUG _wait_and_show_status DONE name=plan a - 1m 2026q3, yes uplifts. org uplifts
2026-07-01 13:42:40,352 DEBUG load_saved_scenario START name=plan a - 1m 2026q3, yes uplifts
2026-07-01 13:42:40,369 DEBUG load_saved_scenario COMPLETE name=plan a - 1m 2026q3, yes uplifts
2026-07-01 13:42:40,371 DEBUG _wait_and_show_status START name=plan a - 1m 2026q3, yes uplifts
2026-07-01 13:42:40,472 DEBUG _wait_and_show_status poll timers=[False, False, False, False, False, False]
2026-07-01 13:42:40,698 DEBUG _wait_and_show_status DONE name=plan a - 1m 2026q3, yes uplifts
2026-07-01 13:42:48,498 DEBUG load_saved_scenario START name=plan a - 1m 2026q3, yes uplifts. org uplifts
2026-07-01 13:42:48,513 DEBUG load_saved_scenario COMPLETE name=plan a - 1m 2026q3, yes uplifts. org uplifts
2026-07-01 13:42:48,514 DEBUG _wait_and_show_status START name=plan a - 1m 2026q3, yes uplifts. org uplifts
2026-07-01 13:42:48,616 DEBUG _wait_and_show_status poll timers=[False, False, False, False, False, False]
2026-07-01 13:42:48,838 DEBUG _wait_and_show_status DONE name=plan a - 1m 2026q3, yes uplifts. org uplifts
2026-07-01 13:42:59,720 DEBUG load_saved_scenario START name=plan a - 1m 2026q3, yes uplifts
2026-07-01 13:42:59,739 DEBUG load_saved_scenario COMPLETE name=plan a - 1m 2026q3, yes uplifts
2026-07-01 13:42:59,740 DEBUG _wait_and_show_status START name=plan a - 1m 2026q3, yes uplifts
2026-07-01 13:42:59,842 DEBUG _wait_and_show_status poll timers=[False, False, False, False, False, False]
2026-07-01 13:43:00,066 DEBUG _wait_and_show_status DONE name=plan a - 1m 2026q3, yes uplifts
2026-07-01 13:47:11,490 DEBUG load_saved_scenario START name=plan a - 1m 2026q3, yes uplifts. org uplifts
2026-07-01 13:47:11,521 DEBUG load_saved_scenario COMPLETE name=plan a - 1m 2026q3, yes uplifts. org uplifts
2026-07-01 13:47:11,522 DEBUG _wait_and_show_status START name=plan a - 1m 2026q3, yes uplifts. org uplifts
2026-07-01 13:47:11,623 DEBUG _wait_and_show_status poll timers=[False, False, False, False, False, False]
2026-07-01 13:47:11,849 DEBUG _wait_and_show_status DONE name=plan a - 1m 2026q3, yes uplifts. org uplifts
2026-07-01 14:04:42,445 DEBUG load_saved_scenario START name=plan a - no ua, no uplifts
2026-07-01 14:04:42,487 DEBUG load_saved_scenario COMPLETE name=plan a - no ua, no uplifts
2026-07-01 14:04:42,490 DEBUG _wait_and_show_status START name=plan a - no ua, no uplifts
2026-07-01 14:04:42,591 DEBUG _wait_and_show_status poll timers=[False, False, False, False, False, False]
2026-07-01 14:04:42,803 DEBUG _wait_and_show_status DONE name=plan a - no ua, no uplifts
2026-07-01 14:11:04,377 DEBUG load_saved_scenario START name=plan a - 1m 2026q3, yes uplifts
2026-07-01 14:11:04,414 DEBUG load_saved_scenario COMPLETE name=plan a - 1m 2026q3, yes uplifts
2026-07-01 14:11:04,417 DEBUG _wait_and_show_status START name=plan a - 1m 2026q3, yes uplifts
2026-07-01 14:11:04,518 DEBUG _wait_and_show_status poll timers=[False, False, False, False, False, False]
2026-07-01 14:11:04,730 DEBUG _wait_and_show_status DONE name=plan a - 1m 2026q3, yes uplifts
2026-07-01 14:25:15,757 DEBUG load_saved_scenario START name=plan a - no ua, no uplifts
2026-07-01 14:25:15,794 DEBUG load_saved_scenario COMPLETE name=plan a - no ua, no uplifts
2026-07-01 14:25:15,798 DEBUG _wait_and_show_status START name=plan a - no ua, no uplifts
2026-07-01 14:25:15,900 DEBUG _wait_and_show_status poll timers=[False, False, False, False, False, False]
2026-07-01 14:25:16,114 DEBUG _wait_and_show_status DONE name=plan a - no ua, no uplifts
2026-07-01 14:25:46,883 DEBUG load_saved_scenario START name=plan a - 1m 2026q3, yes uplifts
2026-07-01 14:25:46,909 DEBUG load_saved_scenario COMPLETE name=plan a - 1m 2026q3, yes uplifts
2026-07-01 14:25:46,912 DEBUG _wait_and_show_status START name=plan a - 1m 2026q3, yes uplifts
2026-07-01 14:25:47,014 DEBUG _wait_and_show_status poll timers=[False, False, False, False, False, False]
2026-07-01 14:25:47,232 DEBUG _wait_and_show_status DONE name=plan a - 1m 2026q3, yes uplifts
2026-07-01 14:39:19,718 DEBUG load_saved_scenario START name=plan a - 1m 2026q3, yes uplifts
2026-07-01 14:39:19,756 DEBUG load_saved_scenario COMPLETE name=plan a - 1m 2026q3, yes uplifts
2026-07-01 14:39:19,758 DEBUG _wait_and_show_status START name=plan a - 1m 2026q3, yes uplifts
2026-07-01 14:39:19,860 DEBUG _wait_and_show_status poll timers=[False, False, False, False, False, False]
2026-07-01 14:39:20,082 DEBUG _wait_and_show_status DONE name=plan a - 1m 2026q3, yes uplifts
2026-07-01 14:39:44,976 DEBUG load_saved_scenario START name=plan a - 1m 2026q3, yes uplifts. org uplifts
2026-07-01 14:39:45,000 DEBUG load_saved_scenario COMPLETE name=plan a - 1m 2026q3, yes uplifts. org uplifts
2026-07-01 14:39:45,003 DEBUG _wait_and_show_status START name=plan a - 1m 2026q3, yes uplifts. org uplifts
2026-07-01 14:39:45,105 DEBUG _wait_and_show_status poll timers=[False, False, False, False, False, False]
2026-07-01 14:39:45,333 DEBUG _wait_and_show_status DONE name=plan a - 1m 2026q3, yes uplifts. org uplifts
2026-07-01 14:40:00,280 DEBUG load_saved_scenario START name=plan a - 075m 2026q3, yes uplifts
2026-07-01 14:40:00,297 DEBUG load_saved_scenario COMPLETE name=plan a - 075m 2026q3, yes uplifts
2026-07-01 14:40:00,299 DEBUG _wait_and_show_status START name=plan a - 075m 2026q3, yes uplifts
2026-07-01 14:40:00,401 DEBUG _wait_and_show_status poll timers=[False, False, False, False, False, False]
2026-07-01 14:40:00,622 DEBUG _wait_and_show_status DONE name=plan a - 075m 2026q3, yes uplifts
2026-07-01 14:40:10,859 DEBUG load_saved_scenario START name=plan a - no ua, no uplifts
2026-07-01 14:40:10,889 DEBUG load_saved_scenario COMPLETE name=plan a - no ua, no uplifts
2026-07-01 14:40:10,893 DEBUG _wait_and_show_status START name=plan a - no ua, no uplifts
2026-07-01 14:40:10,994 DEBUG _wait_and_show_status poll timers=[False, False, False, False, False, False]
2026-07-01 14:40:11,207 DEBUG _wait_and_show_status DONE name=plan a - no ua, no uplifts
2026-07-01 14:40:29,614 DEBUG load_saved_scenario START name=plan a - 1m 2026q3, yes uplifts
2026-07-01 14:40:29,643 DEBUG load_saved_scenario COMPLETE name=plan a - 1m 2026q3, yes uplifts
2026-07-01 14:40:29,647 DEBUG _wait_and_show_status START name=plan a - 1m 2026q3, yes uplifts
2026-07-01 14:40:29,748 DEBUG _wait_and_show_status poll timers=[False, False, False, False, False, False]
2026-07-01 14:40:29,961 DEBUG _wait_and_show_status DONE name=plan a - 1m 2026q3, yes uplifts
2026-07-01 14:40:40,183 DEBUG load_saved_scenario START name=plan a - 1m 2026q3, yes uplifts. org uplifts
2026-07-01 14:40:40,205 DEBUG load_saved_scenario COMPLETE name=plan a - 1m 2026q3, yes uplifts. org uplifts
2026-07-01 14:40:40,206 DEBUG _wait_and_show_status START name=plan a - 1m 2026q3, yes uplifts. org uplifts
2026-07-01 14:40:40,307 DEBUG _wait_and_show_status poll timers=[False, False, False, False, False, False]
2026-07-01 14:40:40,532 DEBUG _wait_and_show_status DONE name=plan a - 1m 2026q3, yes uplifts. org uplifts
2026-07-01 14:40:51,074 DEBUG load_saved_scenario START name=plan a - 075m 2026q3, yes uplifts
2026-07-01 14:40:51,098 DEBUG load_saved_scenario COMPLETE name=plan a - 075m 2026q3, yes uplifts
2026-07-01 14:40:51,100 DEBUG _wait_and_show_status START name=plan a - 075m 2026q3, yes uplifts
2026-07-01 14:40:51,201 DEBUG _wait_and_show_status poll timers=[False, False, False, False, False, False]
2026-07-01 14:40:51,426 DEBUG _wait_and_show_status DONE name=plan a - 075m 2026q3, yes uplifts
2026-07-01 14:41:12,103 DEBUG load_saved_scenario START name=plan a - 1m 2026q3, yes uplifts
2026-07-01 14:41:12,126 DEBUG load_saved_scenario COMPLETE name=plan a - 1m 2026q3, yes uplifts
2026-07-01 14:41:12,128 DEBUG _wait_and_show_status START name=plan a - 1m 2026q3, yes uplifts
2026-07-01 14:41:12,230 DEBUG _wait_and_show_status poll timers=[False, False, False, False, False, False]
2026-07-01 14:41:12,459 DEBUG _wait_and_show_status DONE name=plan a - 1m 2026q3, yes uplifts
2026-07-01 16:03:47,255 DEBUG load_saved_scenario START name=plan a - no ua, no uplifts
2026-07-01 16:03:47,300 DEBUG load_saved_scenario COMPLETE name=plan a - no ua, no uplifts
2026-07-01 16:03:47,304 DEBUG _wait_and_show_status START name=plan a - no ua, no uplifts
2026-07-01 16:03:47,405 DEBUG _wait_and_show_status poll timers=[False, False, False, False, False, False]
2026-07-01 16:03:47,620 DEBUG _wait_and_show_status DONE name=plan a - no ua, no uplifts
2026-07-01 16:04:08,009 DEBUG load_saved_scenario START name=plan a - 1m 2026q3, yes uplifts
2026-07-01 16:04:08,038 DEBUG load_saved_scenario COMPLETE name=plan a - 1m 2026q3, yes uplifts
2026-07-01 16:04:08,042 DEBUG _wait_and_show_status START name=plan a - 1m 2026q3, yes uplifts
2026-07-01 16:04:08,144 DEBUG _wait_and_show_status poll timers=[False, False, False, False, False, False]
2026-07-01 16:04:08,360 DEBUG _wait_and_show_status DONE name=plan a - 1m 2026q3, yes uplifts
2026-07-01 16:04:20,169 DEBUG load_saved_scenario START name=plan a - 1m 2026q3, yes uplifts. org uplifts
2026-07-01 16:04:20,190 DEBUG load_saved_scenario COMPLETE name=plan a - 1m 2026q3, yes uplifts. org uplifts
2026-07-01 16:04:20,192 DEBUG _wait_and_show_status START name=plan a - 1m 2026q3, yes uplifts. org uplifts
2026-07-01 16:04:20,294 DEBUG _wait_and_show_status poll timers=[False, False, False, False, False, False]
2026-07-01 16:04:20,520 DEBUG _wait_and_show_status DONE name=plan a - 1m 2026q3, yes uplifts. org uplifts
2026-07-01 16:04:39,215 DEBUG load_saved_scenario START name=plan a - 075m 2026q3, yes uplifts
2026-07-01 16:04:39,237 DEBUG load_saved_scenario COMPLETE name=plan a - 075m 2026q3, yes uplifts
2026-07-01 16:04:39,239 DEBUG _wait_and_show_status START name=plan a - 075m 2026q3, yes uplifts
2026-07-01 16:04:39,341 DEBUG _wait_and_show_status poll timers=[False, False, False, False, False, False]
2026-07-01 16:04:39,572 DEBUG _wait_and_show_status DONE name=plan a - 075m 2026q3, yes uplifts
2026-07-01 16:11:27,239 DEBUG ScenarioPanel displayed — all panels now live
2026-07-01 16:11:28,310 DEBUG precreate: start ios=12 arpdau=24 ua=24
2026-07-01 16:11:38,862 DEBUG precreate: done ios=100 ios_boost=100 arpdau=100 ua=100
2026-07-02 10:45:01,978 DEBUG ScenarioPanel displayed — all panels now live
2026-07-02 10:45:03,051 DEBUG precreate: start ios=12 arpdau=24 ua=24
2026-07-02 10:45:13,931 DEBUG precreate: done ios=100 ios_boost=100 arpdau=100 ua=100
2026-07-02 10:45:31,533 DEBUG load_saved_scenario START name=plan a - 1m 2026q3, yes uplifts. org uplifts
2026-07-02 10:45:31,541 DEBUG CPI(ios) immediate n=12 (rows pre-existed)
2026-07-02 10:45:31,541 DEBUG CPI(android) immediate n=12 (rows pre-existed)
2026-07-02 10:45:31,564 DEBUG CPI(ios) immediate n=42 (rows pre-existed)
2026-07-02 10:45:31,568 DEBUG CPI(android) immediate n=42 (rows pre-existed)
2026-07-02 10:45:31,697 DEBUG CPI(ios) immediate n=42 (rows pre-existed)
2026-07-02 10:45:31,697 DEBUG CPI(android) immediate n=42 (rows pre-existed)
2026-07-02 10:45:31,914 DEBUG load_saved_scenario COMPLETE name=plan a - 1m 2026q3, yes uplifts. org uplifts
2026-07-02 10:45:31,915 DEBUG _wait_and_show_status START name=plan a - 1m 2026q3, yes uplifts. org uplifts
2026-07-02 10:45:32,015 DEBUG _wait_and_show_status poll timers=[False, False, False, False, False, False]
2026-07-02 10:45:32,223 DEBUG _wait_and_show_status DONE name=plan a - 1m 2026q3, yes uplifts. org uplifts
2026-07-07 14:07:26,032 DEBUG ScenarioPanel displayed — all panels now live
2026-07-07 14:07:27,213 DEBUG precreate: start ios=12 arpdau=24 ua=24
2026-07-07 14:07:38,519 DEBUG precreate: done ios=100 ios_boost=100 arpdau=100 ua=100
2026-07-07 14:07:53,910 DEBUG load_saved_scenario START name=plan a - no ua, no uplifts
2026-07-07 14:07:53,916 DEBUG CPI(ios) immediate n=12 (rows pre-existed)
2026-07-07 14:07:53,916 DEBUG CPI(android) immediate n=12 (rows pre-existed)
2026-07-07 14:07:53,939 DEBUG CPI(ios) immediate n=42 (rows pre-existed)
2026-07-07 14:07:53,941 DEBUG CPI(android) immediate n=42 (rows pre-existed)
2026-07-07 14:07:54,092 DEBUG CPI(ios) immediate n=42 (rows pre-existed)
2026-07-07 14:07:54,093 DEBUG CPI(android) immediate n=42 (rows pre-existed)
2026-07-07 14:07:54,234 DEBUG load_saved_scenario COMPLETE name=plan a - no ua, no uplifts
2026-07-07 14:07:54,244 DEBUG _wait_and_show_status START name=plan a - no ua, no uplifts
2026-07-07 14:07:54,344 DEBUG _wait_and_show_status poll timers=[False, False, False, False, False, False]
2026-07-07 14:07:54,553 DEBUG _wait_and_show_status DONE name=plan a - no ua, no uplifts
2026-07-07 14:08:13,391 DEBUG load_saved_scenario START name=plan a - 1m 2026q3, yes uplifts
2026-07-07 14:08:13,421 DEBUG load_saved_scenario COMPLETE name=plan a - 1m 2026q3, yes uplifts
2026-07-07 14:08:13,424 DEBUG _wait_and_show_status START name=plan a - 1m 2026q3, yes uplifts
2026-07-07 14:08:13,526 DEBUG _wait_and_show_status poll timers=[False, False, False, False, False, False]
2026-07-07 14:08:13,738 DEBUG _wait_and_show_status DONE name=plan a - 1m 2026q3, yes uplifts
2026-07-07 14:12:38,179 DEBUG ScenarioPanel displayed — all panels now live
2026-07-07 14:12:39,445 DEBUG precreate: start ios=12 arpdau=24 ua=24
2026-07-07 14:12:50,187 DEBUG precreate: done ios=100 ios_boost=100 arpdau=100 ua=100
2026-07-08 17:12:17,577 DEBUG ScenarioPanel displayed — all panels now live
2026-07-08 17:12:18,649 DEBUG precreate: start ios=12 arpdau=24 ua=24
2026-07-08 17:12:28,045 DEBUG load_saved_scenario START name=plan a - 1m 2026q3, yes uplifts. org uplifts
2026-07-08 17:12:28,050 DEBUG CPI(ios) immediate n=12 (rows pre-existed)
2026-07-08 17:12:28,050 DEBUG CPI(android) immediate n=12 (rows pre-existed)
2026-07-08 17:12:28,066 DEBUG CPI(ios) immediate n=42 (rows pre-existed)
2026-07-08 17:12:28,068 DEBUG CPI(android) immediate n=42 (rows pre-existed)
2026-07-08 17:12:28,220 DEBUG CPI(ios) immediate n=42 (rows pre-existed)
2026-07-08 17:12:28,221 DEBUG CPI(android) immediate n=42 (rows pre-existed)
2026-07-08 17:12:28,353 DEBUG load_saved_scenario COMPLETE name=plan a - 1m 2026q3, yes uplifts. org uplifts
2026-07-08 17:12:28,361 DEBUG _wait_and_show_status START name=plan a - 1m 2026q3, yes uplifts. org uplifts
2026-07-08 17:12:28,461 DEBUG _wait_and_show_status poll timers=[False, False, False, False, False, False]
2026-07-08 17:12:28,668 DEBUG _wait_and_show_status DONE name=plan a - 1m 2026q3, yes uplifts. org uplifts
2026-07-08 17:12:29,654 DEBUG precreate: done ios=100 ios_boost=100 arpdau=100 ua=100
2026-07-08 17:13:40,555 DEBUG load_saved_scenario START name=plan a - 1m 2026q3, yes uplifts. org uplifts
2026-07-08 17:13:40,580 DEBUG load_saved_scenario COMPLETE name=plan a - 1m 2026q3, yes uplifts. org uplifts
2026-07-08 17:13:40,584 DEBUG _wait_and_show_status START name=plan a - 1m 2026q3, yes uplifts. org uplifts
2026-07-08 17:13:40,685 DEBUG _wait_and_show_status poll timers=[False, False, False, False, False, False]
2026-07-08 17:13:40,908 DEBUG _wait_and_show_status DONE name=plan a - 1m 2026q3, yes uplifts. org uplifts
2026-07-08 17:14:26,582 DEBUG load_saved_scenario START name=plan a - 300k 202607, yes uplifts. org uplifts
2026-07-08 17:14:26,604 DEBUG load_saved_scenario COMPLETE name=plan a - 300k 202607, yes uplifts. org uplifts
2026-07-08 17:14:26,605 DEBUG _wait_and_show_status START name=plan a - 300k 202607, yes uplifts. org uplifts
2026-07-08 17:14:26,707 DEBUG _wait_and_show_status poll timers=[False, False, False, False, False, False]
2026-07-08 17:14:26,936 DEBUG _wait_and_show_status DONE name=plan a - 300k 202607, yes uplifts. org uplifts
2026-07-08 17:16:22,933 DEBUG ScenarioPanel displayed — all panels now live
2026-07-08 17:16:24,198 DEBUG precreate: start ios=12 arpdau=24 ua=24
2026-07-08 17:16:35,083 DEBUG precreate: done ios=100 ios_boost=100 arpdau=100 ua=100
2026-07-09 16:25:59,790 DEBUG ScenarioPanel displayed — all panels now live
2026-07-09 16:26:01,161 DEBUG precreate: start ios=12 arpdau=24 ua=24
2026-07-09 16:26:12,019 DEBUG precreate: done ios=100 ios_boost=100 arpdau=100 ua=100
2026-07-09 16:30:04,676 DEBUG load_saved_scenario START name=plan a - 300k 202607, yes uplifts. org uplifts
2026-07-09 16:30:04,686 DEBUG CPI(ios) immediate n=12 (rows pre-existed)
2026-07-09 16:30:04,686 DEBUG CPI(android) immediate n=12 (rows pre-existed)
2026-07-09 16:30:04,711 DEBUG CPI(ios) immediate n=42 (rows pre-existed)
2026-07-09 16:30:04,715 DEBUG CPI(android) immediate n=42 (rows pre-existed)
2026-07-09 16:30:04,841 DEBUG CPI(ios) immediate n=42 (rows pre-existed)
2026-07-09 16:30:04,841 DEBUG CPI(android) immediate n=42 (rows pre-existed)
2026-07-09 16:30:04,981 DEBUG load_saved_scenario COMPLETE name=plan a - 300k 202607, yes uplifts. org uplifts
2026-07-09 16:30:04,991 DEBUG _wait_and_show_status START name=plan a - 300k 202607, yes uplifts. org uplifts
2026-07-09 16:30:05,092 DEBUG _wait_and_show_status poll timers=[False, False, False, False, False, False]
2026-07-09 16:30:05,299 DEBUG _wait_and_show_status DONE name=plan a - 300k 202607, yes uplifts. org uplifts
2026-07-09 16:30:53,494 DEBUG ScenarioPanel displayed — all panels now live
2026-07-09 16:30:54,677 DEBUG precreate: start ios=12 arpdau=24 ua=24
2026-07-09 16:31:05,544 DEBUG precreate: done ios=100 ios_boost=100 arpdau=100 ua=100
2026-07-09 16:31:08,520 DEBUG load_saved_scenario START name=plan a - 1m 2026q3, yes uplifts
2026-07-09 16:31:08,526 DEBUG CPI(ios) immediate n=12 (rows pre-existed)
2026-07-09 16:31:08,527 DEBUG CPI(android) immediate n=12 (rows pre-existed)
2026-07-09 16:31:08,550 DEBUG CPI(ios) immediate n=42 (rows pre-existed)
2026-07-09 16:31:08,553 DEBUG CPI(android) immediate n=42 (rows pre-existed)
2026-07-09 16:31:08,689 DEBUG CPI(ios) immediate n=42 (rows pre-existed)
2026-07-09 16:31:08,690 DEBUG CPI(android) immediate n=42 (rows pre-existed)
2026-07-09 16:31:08,829 DEBUG load_saved_scenario COMPLETE name=plan a - 1m 2026q3, yes uplifts
2026-07-09 16:31:08,842 DEBUG _wait_and_show_status START name=plan a - 1m 2026q3, yes uplifts
2026-07-09 16:31:08,942 DEBUG _wait_and_show_status poll timers=[False, False, False, False, False, False]
2026-07-09 16:31:09,150 DEBUG _wait_and_show_status DONE name=plan a - 1m 2026q3, yes uplifts
2026-07-09 16:32:09,567 DEBUG load_saved_scenario START name=plan a - 300k 202607, yes uplifts
2026-07-09 16:32:09,594 DEBUG load_saved_scenario COMPLETE name=plan a - 300k 202607, yes uplifts
2026-07-09 16:32:09,597 DEBUG _wait_and_show_status START name=plan a - 300k 202607, yes uplifts
2026-07-09 16:32:09,699 DEBUG _wait_and_show_status poll timers=[False, False, False, False, False, False]
2026-07-09 16:32:09,922 DEBUG _wait_and_show_status DONE name=plan a - 300k 202607, yes uplifts
2026-07-10 11:43:52,698 DEBUG ScenarioPanel displayed — all panels now live
2026-07-10 11:43:53,906 DEBUG precreate: start ios=12 arpdau=24 ua=24
2026-07-10 11:44:04,387 DEBUG precreate: done ios=100 ios_boost=100 arpdau=100 ua=100
2026-07-10 12:04:51,570 DEBUG load_saved_scenario START name=plan a - 300k 202607, yes uplifts. org uplifts
2026-07-10 12:04:51,576 DEBUG CPI(ios) immediate n=12 (rows pre-existed)
2026-07-10 12:04:51,576 DEBUG CPI(android) immediate n=12 (rows pre-existed)
2026-07-10 12:04:51,591 DEBUG CPI(ios) immediate n=42 (rows pre-existed)
2026-07-10 12:04:51,594 DEBUG CPI(android) immediate n=42 (rows pre-existed)
2026-07-10 12:04:51,764 DEBUG CPI(ios) immediate n=42 (rows pre-existed)
2026-07-10 12:04:51,764 DEBUG CPI(android) immediate n=42 (rows pre-existed)
2026-07-10 12:04:52,190 DEBUG load_saved_scenario COMPLETE name=plan a - 300k 202607, yes uplifts. org uplifts
2026-07-10 12:04:52,191 DEBUG _wait_and_show_status START name=plan a - 300k 202607, yes uplifts. org uplifts
2026-07-10 12:04:52,292 DEBUG _wait_and_show_status poll timers=[False, False, False, False, False, False]
2026-07-10 12:04:52,501 DEBUG _wait_and_show_status DONE name=plan a - 300k 202607, yes uplifts. org uplifts
2026-07-10 12:29:14,248 DEBUG ScenarioPanel displayed — all panels now live
2026-07-10 12:29:15,339 DEBUG precreate: start ios=12 arpdau=24 ua=24
2026-07-10 12:29:25,842 DEBUG precreate: done ios=100 ios_boost=100 arpdau=100 ua=100
2026-07-10 12:30:00,627 DEBUG load_saved_scenario START name=plan a - 300k 202607, yes uplifts. org uplifts
2026-07-10 12:30:00,634 DEBUG CPI(ios) immediate n=12 (rows pre-existed)
2026-07-10 12:30:00,634 DEBUG CPI(android) immediate n=12 (rows pre-existed)
2026-07-10 12:30:00,652 DEBUG CPI(ios) immediate n=42 (rows pre-existed)
2026-07-10 12:30:00,654 DEBUG CPI(android) immediate n=42 (rows pre-existed)
2026-07-10 12:30:00,825 DEBUG CPI(ios) immediate n=42 (rows pre-existed)
2026-07-10 12:30:00,825 DEBUG CPI(android) immediate n=42 (rows pre-existed)
2026-07-10 12:30:01,185 DEBUG load_saved_scenario COMPLETE name=plan a - 300k 202607, yes uplifts. org uplifts
2026-07-10 12:30:01,186 DEBUG _wait_and_show_status START name=plan a - 300k 202607, yes uplifts. org uplifts
2026-07-10 12:30:01,287 DEBUG _wait_and_show_status poll timers=[False, False, False, False, False, False]
2026-07-10 12:30:01,496 DEBUG _wait_and_show_status DONE name=plan a - 300k 202607, yes uplifts. org uplifts
2026-07-10 12:49:05,603 DEBUG ScenarioPanel displayed — all panels now live
2026-07-10 12:49:06,756 DEBUG precreate: start ios=12 arpdau=24 ua=24
2026-07-10 12:49:17,265 DEBUG precreate: done ios=100 ios_boost=100 arpdau=100 ua=100
